,result,table,_start,_stop,_time,_measurement,host,stanza,percepita,temperatura,umidita
0,_result,0,2026-08-09 06:35:12.190901+00:00,2026-08-09 09:35:12.190901+00:00,2026-08-09 08:48:39.493281+00:00,ambiente,raspberry_pi_4,camera,34.0,33.8,35.0
1,_result,0,2026-08-09 06:35:12.190901+00:00,2026-08-09 09:35:12.190901+00:00,2026-08-09 08:48:44.972750+00:00,ambiente,raspberry_pi_4,camera,34.0,33.8,35.0
2,_result,0,2026-08-09 06:35:12.190901+00:00,2026-08-09 09:35:12.190901+00:00,2026-08-09 08:48:50.260766+00:00,ambiente,raspberry_pi_4,camera,34.0,33.8,35.0
3,_result,0,2026-08-09 06:35:12.190901+00:00,2026-08-09 09:35:12.190901+00:00,2026-08-09 08:48:55.544089+00:00,ambiente,raspberry_pi_4,camera,34.0,33.8,35.0
4,_result,0,2026-08-09 06:35:12.190901+00:00,2026-08-09 09:35:12.190901+00:00,2026-08-09 08:49:00.822208+00:00,ambiente,raspberry_pi_4,camera,34.0,33.8,35.0
5,_result,0,2026-08-09 06:35:12.190901+00:00,2026-08-09 09:35:12.190901+00:00,2026-08-09 08:49:06.096150+00:00,ambiente,raspberry_pi_4,camera,34.0,33.8,35.0
6,_result,0,2026-08-09 06:35:12.190901+00:00,2026-08-09 09:35:12.190901+00:00,2026-08-09 08:49:11.375543+00:00,ambiente,raspberry_pi_4,camera,34.0,33.8,35.0
7,_result,0,2026-08-09 06:35:12.190901+00:00,2026-08-09 09:35:12.190901+00:00,2026-08-09 08:49:16.637178+00:00,ambiente,raspberry_pi_4,camera,34.1,33.9,35.0
8,_result,0,2026-08-09 06:35:12.190901+00:00,2026-08-09 09:35:12.190901+00:00,2026-08-09 08:49:21.907031+00:00,ambiente,raspberry_pi_4,camera,34.6,34.2,35.0
9,_result,0,2026-08-09 06:35:12.190901+00:00,2026-08-09 09:35:12.190901+00:00,2026-08-09 08:49:27.167571+00:00,ambiente,raspberry_pi_4,camera,34.6,34.2,35.0
10,_result,0,2026-08-09 06:35:12.190901+00:00,2026-08-09 09:35:12.190901+00:00,2026-08-09 08:49:37.692684+00:00,ambiente,raspberry_pi_4,camera,34.6,34.2,35.0
11,_result,0,2026-08-09 06:35:12.190901+00:00,2026-08-09 09:35:12.190901+00:00,2026-08-09 08:49:42.817704+00:00,ambiente,raspberry_pi_4,camera,34.6,34.2,35.0
12,_result,0,2026-08-09 06:35:12.190901+00:00,2026-08-09 09:35:12.190901+00:00,2026-08-09 08:49:48.077697+00:00,ambiente,raspberry_pi_4,camera,34.6,34.2,35.0
13,_result,0,2026-08-09 06:35:12.190901+00:00,2026-08-09 09:35:12.190901+00:00,2026-08-09 08:49:53.347499+00:00,ambiente,raspberry_pi_4,camera,34.6,34.2,35.0
14,_result,0,2026-08-09 06:35:12.190901+00:00,2026-08-09 09:35:12.190901+00:00,2026-08-09 08:49:58.607677+00:00,ambiente,raspberry_pi_4,camera,34.6,34.2,35.0
15,_result,0,2026-08-09 06:35:12.190901+00:00,2026-08-09 09:35:12.190901+00:00,2026-08-09 08:50:03.880472+00:00,ambiente,raspberry_pi_4,camera,34.6,34.2,35.0
16,_result,0,2026-08-09 06:35:12.190901+00:00,2026-08-09 09:35:12.190901+00:00,2026-08-09 08:50:09.140616+00:00,ambiente,raspberry_pi_4,camera,34.7,34.3,35.0
17,_result,0,2026-08-09 06:35:12.190901+00:00,2026-08-09 09:35:12.190901+00:00,2026-08-09 08:50:14.410037+00:00,ambiente,raspberry_pi_4,camera,34.9,34.4,35.0
18,_result,0,2026-08-09 06:35:12.190901+00:00,2026-08-09 09:35:12.190901+00:00,2026-08-09 08:50:19.670532+00:00,ambiente,raspberry_pi_4,camera,35.2,34.6,35.0
19,_result,0,2026-08-09 06:35:12.190901+00:00,2026-08-09 09:35:12.190901+00:00,2026-08-09 08:50:24.941736+00:00,ambiente,raspberry_pi_4,camera,35.3,34.7,35.0
20,_result,0,2026-08-09 06:35:12.190901+00:00,2026-08-09 09:35:12.190901+00:00,2026-08-09 08:50:30.204668+00:00,ambiente,raspberry_pi_4,camera,35.3,34.7,35.0
21,_result,0,2026-08-09 06:35:12.190901+00:00,2026-08-09 09:35:12.190901+00:00,2026-08-09 08:50:35.476505+00:00,ambiente,raspberry_pi_4,camera,35.3,34.7,35.0
22,_result,0,2026-08-09 06:35:12.190901+00:00,2026-08-09 09:35:12.190901+00:00,2026-08-09 08:50:40.737066+00:00,ambiente,raspberry_pi_4,camera,35.3,34.7,35.0
23,_result,0,2026-08-09 06:35:12.190901+00:00,2026-08-09 09:35:12.190901+00:00,2026-08-09 08:50:46.007042+00:00,ambiente,raspberry_pi_4,camera,35.3,34.7,35.0
24,_result,0,2026-08-09 06:35:12.190901+00:00,2026-08-09 09:35:12.190901+00:00,2026-08-09 08:50:51.268179+00:00,ambiente,raspberry_pi_4,camera,35.3,34.7,35.0
25,_result,0,2026-08-09 06:35:12.190901+00:00,2026-08-09 09:35:12.190901+00:00,2026-08-09 08:51:01.794670+00:00,ambiente,raspberry_pi_4,camera,35.3,34.7,35.0
26,_result,0,2026-08-09 06:35:12.190901+00:00,2026-08-09 09:35:12.190901+00:00,2026-08-09 08:51:07.064634+00:00,ambiente,raspberry_pi_4,camera,35.3,34.7,35.0
27,_result,0,2026-08-09 06:35:12.190901+00:00,2026-08-09 09:35:12.190901+00:00,2026-08-09 08:51:12.324870+00:00,ambiente,raspberry_pi_4,camera,35.3,34.7,35.0
28,_result,0,2026-08-09 06:35:12.190901+00:00,2026-08-09 09:35:12.190901+00:00,2026-08-09 08:51:17.594809+00:00,ambiente,raspberry_pi_4,camera,35.3,34.7,35.0
29,_result,0,2026-08-09 06:35:12.190901+00:00,2026-08-09 09:35:12.190901+00:00,2026-08-09 08:51:22.855705+00:00,ambiente,raspberry_pi_4,camera,35.3,34.7,35.0
30,_result,0,2026-08-09 06:35:12.190901+00:00,2026-08-09 09:35:12.190901+00:00,2026-08-09 08:51:33.379859+00:00,ambiente,raspberry_pi_4,camera,35.3,34.7,35.0
31,_result,0,2026-08-09 06:35:12.190901+00:00,2026-08-09 09:35:12.190901+00:00,2026-08-09 08:51:38.651366+00:00,ambiente,raspberry_pi_4,camera,35.5,34.8,35.0
32,_result,0,2026-08-09 06:35:12.190901+00:00,2026-08-09 09:35:12.190901+00:00,2026-08-09 08:51:43.911797+00:00,ambiente,raspberry_pi_4,camera,35.6,35.0,34.0
33,_result,0,2026-08-09 06:35:12.190901+00:00,2026-08-09 09:35:12.190901+00:00,2026-08-09 08:51:49.181476+00:00,ambiente,raspberry_pi_4,camera,35.6,35.0,34.0
34,_result,0,2026-08-09 06:35:12.190901+00:00,2026-08-09 09:35:12.190901+00:00,2026-08-09 08:51:54.442043+00:00,ambiente,raspberry_pi_4,camera,35.9,35.2,34.0
35,_result,0,2026-08-09 06:35:12.190901+00:00,2026-08-09 09:35:12.190901+00:00,2026-08-09 08:51:59.713588+00:00,ambiente,raspberry_pi_4,camera,35.9,35.2,34.0
36,_result,0,2026-08-09 06:35:12.190901+00:00,2026-08-09 09:35:12.190901+00:00,2026-08-09 08:52:04.974615+00:00,ambiente,raspberry_pi_4,camera,35.9,35.2,34.0
37,_result,0,2026-08-09 06:35:12.190901+00:00,2026-08-09 09:35:12.190901+00:00,2026-08-09 08:52:10.244245+00:00,ambiente,raspberry_pi_4,camera,35.9,35.2,34.0
38,_result,0,2026-08-09 06:35:12.190901+00:00,2026-08-09 09:35:12.190901+00:00,2026-08-09 08:52:15.504623+00:00,ambiente,raspberry_pi_4,camera,35.9,35.2,34.0
39,_result,0,2026-08-09 06:35:12.190901+00:00,2026-08-09 09:35:12.190901+00:00,2026-08-09 08:52:20.774729+00:00,ambiente,raspberry_pi_4,camera,35.9,35.2,34.0
40,_result,0,2026-08-09 06:35:12.190901+00:00,2026-08-09 09:35:12.190901+00:00,2026-08-09 08:52:26.034743+00:00,ambiente,raspberry_pi_4,camera,35.9,35.2,34.0
41,_result,0,2026-08-09 06:35:12.190901+00:00,2026-08-09 09:35:12.190901+00:00,2026-08-09 08:52:31.306297+00:00,ambiente,raspberry_pi_4,camera,35.9,35.2,34.0
42,_result,0,2026-08-09 06:35:12.190901+00:00,2026-08-09 09:35:12.190901+00:00,2026-08-09 08:52:36.566757+00:00,ambiente,raspberry_pi_4,camera,35.9,35.2,34.0
43,_result,0,2026-08-09 06:35:12.190901+00:00,2026-08-09 09:35:12.190901+00:00,2026-08-09 08:52:41.836502+00:00,ambiente,raspberry_pi_4,camera,35.9,35.2,34.0
44,_result,0,2026-08-09 06:35:12.190901+00:00,2026-08-09 09:35:12.190901+00:00,2026-08-09 08:52:47.096768+00:00,ambiente,raspberry_pi_4,camera,35.9,35.2,34.0
45,_result,0,2026-08-09 06:35:12.190901+00:00,2026-08-09 09:35:12.190901+00:00,2026-08-09 08:52:57.620561+00:00,ambiente,raspberry_pi_4,camera,35.9,35.2,34.0
46,_result,0,2026-08-09 06:35:12.190901+00:00,2026-08-09 09:35:12.190901+00:00,2026-08-09 08:53:02.891422+00:00,ambiente,raspberry_pi_4,camera,35.7,35.2,33.0
47,_result,0,2026-08-09 06:35:12.190901+00:00,2026-08-09 09:35:12.190901+00:00,2026-08-09 08:53:08.151472+00:00,ambiente,raspberry_pi_4,camera,35.7,35.2,33.0
48,_result,0,2026-08-09 06:35:12.190901+00:00,2026-08-09 09:35:12.190901+00:00,2026-08-09 08:53:13.421131+00:00,ambiente,raspberry_pi_4,camera,35.3,35.0,33.0
49,_result,0,2026-08-09 06:35:12.190901+00:00,2026-08-09 09:35:12.190901+00:00,2026-08-09 08:53:18.681058+00:00,ambiente,raspberry_pi_4,camera,35.1,34.7,34.0
50,_result,0,2026-08-09 06:35:12.190901+00:00,2026-08-09 09:35:12.190901+00:00,2026-08-09 08:53:23.950610+00:00,ambiente,raspberry_pi_4,camera,35.3,34.7,35.0
51,_result,0,2026-08-09 06:35:12.190901+00:00,2026-08-09 09:35:12.190901+00:00,2026-08-09 08:53:29.210595+00:00,ambiente,raspberry_pi_4,camera,35.3,34.7,35.0
52,_result,0,2026-08-09 06:35:12.190901+00:00,2026-08-09 09:35:12.190901+00:00,2026-08-09 08:53:34.488578+00:00,ambiente,raspberry_pi_4,camera,35.1,34.7,34.0
53,_result,0,2026-08-09 06:35:12.190901+00:00,2026-08-09 09:35:12.190901+00:00,2026-08-09 08:53:39.748519+00:00,ambiente,raspberry_pi_4,camera,35.1,34.7,34.0
54,_result,0,2026-08-09 06:35:12.190901+00:00,2026-08-09 09:35:12.190901+00:00,2026-08-09 08:53:45.021492+00:00,ambiente,raspberry_pi_4,camera,35.3,34.7,35.0
55,_result,0,2026-08-09 06:35:12.190901+00:00,2026-08-09 09:35:12.190901+00:00,2026-08-09 08:53:50.281430+00:00,ambiente,raspberry_pi_4,camera,35.3,34.7,35.0
56,_result,0,2026-08-09 06:35:12.190901+00:00,2026-08-09 09:35:12.190901+00:00,2026-08-09 08:53:55.551004+00:00,ambiente,raspberry_pi_4,camera,35.3,34.7,35.0
57,_result,0,2026-08-09 06:35:12.190901+00:00,2026-08-09 09:35:12.190901+00:00,2026-08-09 08:54:00.812484+00:00,ambiente,raspberry_pi_4,camera,35.3,34.7,35.0
58,_result,0,2026-08-09 06:35:12.190901+00:00,2026-08-09 09:35:12.190901+00:00,2026-08-09 08:54:06.081647+00:00,ambiente,raspberry_pi_4,camera,35.3,34.7,35.0
59,_result,0,2026-08-09 06:35:12.190901+00:00,2026-08-09 09:35:12.190901+00:00,2026-08-09 08:54:11.341861+00:00,ambiente,raspberry_pi_4,camera,35.3,34.7,35.0
60,_result,0,2026-08-09 06:35:12.190901+00:00,2026-08-09 09:35:12.190901+00:00,2026-08-09 08:54:16.611148+00:00,ambiente,raspberry_pi_4,camera,35.2,34.6,35.0
61,_result,0,2026-08-09 06:35:12.190901+00:00,2026-08-09 09:35:12.190901+00:00,2026-08-09 08:54:21.871253+00:00,ambiente,raspberry_pi_4,camera,35.0,34.5,35.0
62,_result,0,2026-08-09 06:35:12.190901+00:00,2026-08-09 09:35:12.190901+00:00,2026-08-09 08:54:27.141730+00:00,ambiente,raspberry_pi_4,camera,34.9,34.4,35.0
63,_result,0,2026-08-09 06:35:12.190901+00:00,2026-08-09 09:35:12.190901+00:00,2026-08-09 08:54:32.403000+00:00,ambiente,raspberry_pi_4,camera,34.7,34.3,35.0
64,_result,0,2026-08-09 06:35:12.190901+00:00,2026-08-09 09:35:12.190901+00:00,2026-08-09 08:54:37.672531+00:00,ambiente,raspberry_pi_4,camera,34.6,34.2,35.0
65,_result,0,2026-08-09 06:35:12.190901+00:00,2026-08-09 09:35:12.190901+00:00,2026-08-09 08:54:42.933031+00:00,ambiente,raspberry_pi_4,camera,34.6,34.2,35.0
66,_result,0,2026-08-09 06:35:12.190901+00:00,2026-08-09 09:35:12.190901+00:00,2026-08-09 08:54:48.202466+00:00,ambiente,raspberry_pi_4,camera,34.6,34.2,35.0
67,_result,0,2026-08-09 06:35:12.190901+00:00,2026-08-09 09:35:12.190901+00:00,2026-08-09 08:54:53.462525+00:00,ambiente,raspberry_pi_4,camera,34.6,34.2,35.0
68,_result,0,2026-08-09 06:35:12.190901+00:00,2026-08-09 09:35:12.190901+00:00,2026-08-09 08:54:58.732387+00:00,ambiente,raspberry_pi_4,camera,34.6,34.2,35.0
69,_result,0,2026-08-09 06:35:12.190901+00:00,2026-08-09 09:35:12.190901+00:00,2026-08-09 08:55:03.994024+00:00,ambiente,raspberry_pi_4,camera,34.6,34.2,35.0
70,_result,0,2026-08-09 06:35:12.190901+00:00,2026-08-09 09:35:12.190901+00:00,2026-08-09 08:55:09.263391+00:00,ambiente,raspberry_pi_4,camera,34.6,34.2,35.0
71,_result,0,2026-08-09 06:35:12.190901+00:00,2026-08-09 09:35:12.190901+00:00,2026-08-09 08:55:14.523557+00:00,ambiente,raspberry_pi_4,camera,34.6,34.2,35.0
72,_result,0,2026-08-09 06:35:12.190901+00:00,2026-08-09 09:35:12.190901+00:00,2026-08-09 08:55:19.793451+00:00,ambiente,raspberry_pi_4,camera,34.6,34.2,35.0
73,_result,0,2026-08-09 06:35:12.190901+00:00,2026-08-09 09:35:12.190901+00:00,2026-08-09 08:55:25.053230+00:00,ambiente,raspberry_pi_4,camera,34.6,34.2,35.0
74,_result,0,2026-08-09 06:35:12.190901+00:00,2026-08-09 09:35:12.190901+00:00,2026-08-09 08:55:30.324658+00:00,ambiente,raspberry_pi_4,camera,34.6,34.2,35.0
75,_result,0,2026-08-09 06:35:12.190901+00:00,2026-08-09 09:35:12.190901+00:00,2026-08-09 08:55:35.584690+00:00,ambiente,raspberry_pi_4,camera,34.6,34.2,35.0
76,_result,0,2026-08-09 06:35:12.190901+00:00,2026-08-09 09:35:12.190901+00:00,2026-08-09 08:55:40.854306+00:00,ambiente,raspberry_pi_4,camera,34.6,34.2,35.0
77,_result,0,2026-08-09 06:35:12.190901+00:00,2026-08-09 09:35:12.190901+00:00,2026-08-09 08:55:46.114643+00:00,ambiente,raspberry_pi_4,camera,34.6,34.2,35.0
78,_result,0,2026-08-09 06:35:12.190901+00:00,2026-08-09 09:35:12.190901+00:00,2026-08-09 08:55:51.383900+00:00,ambiente,raspberry_pi_4,camera,34.6,34.2,35.0
79,_result,0,2026-08-09 06:35:12.190901+00:00,2026-08-09 09:35:12.190901+00:00,2026-08-09 08:55:56.644006+00:00,ambiente,raspberry_pi_4,camera,34.6,34.2,35.0
80,_result,0,2026-08-09 06:35:12.190901+00:00,2026-08-09 09:35:12.190901+00:00,2026-08-09 08:56:01.914822+00:00,ambiente,raspberry_pi_4,camera,34.6,34.2,35.0
81,_result,0,2026-08-09 06:35:12.190901+00:00,2026-08-09 09:35:12.190901+00:00,2026-08-09 08:56:07.174843+00:00,ambiente,raspberry_pi_4,camera,34.6,34.2,35.0
82,_result,0,2026-08-09 06:35:12.190901+00:00,2026-08-09 09:35:12.190901+00:00,2026-08-09 08:56:12.446346+00:00,ambiente,raspberry_pi_4,camera,34.6,34.2,35.0
83,_result,0,2026-08-09 06:35:12.190901+00:00,2026-08-09 09:35:12.190901+00:00,2026-08-09 08:56:17.706418+00:00,ambiente,raspberry_pi_4,camera,34.6,34.2,35.0
84,_result,0,2026-08-09 06:35:12.190901+00:00,2026-08-09 09:35:12.190901+00:00,2026-08-09 08:56:22.975876+00:00,ambiente,raspberry_pi_4,camera,34.6,34.2,35.0
85,_result,0,2026-08-09 06:35:12.190901+00:00,2026-08-09 09:35:12.190901+00:00,2026-08-09 08:56:28.236094+00:00,ambiente,raspberry_pi_4,camera,34.6,34.2,35.0
86,_result,0,2026-08-09 06:35:12.190901+00:00,2026-08-09 09:35:12.190901+00:00,2026-08-09 08:56:33.507407+00:00,ambiente,raspberry_pi_4,camera,34.6,34.2,35.0
87,_result,0,2026-08-09 06:35:12.190901+00:00,2026-08-09 09:35:12.190901+00:00,2026-08-09 08:56:38.767316+00:00,ambiente,raspberry_pi_4,camera,34.6,34.2,35.0
88,_result,0,2026-08-09 06:35:12.190901+00:00,2026-08-09 09:35:12.190901+00:00,2026-08-09 08:56:44.036630+00:00,ambiente,raspberry_pi_4,camera,34.6,34.2,35.0
89,_result,0,2026-08-09 06:35:12.190901+00:00,2026-08-09 09:35:12.190901+00:00,2026-08-09 08:56:49.297088+00:00,ambiente,raspberry_pi_4,camera,34.6,34.2,35.0
90,_result,0,2026-08-09 06:35:12.190901+00:00,2026-08-09 09:35:12.190901+00:00,2026-08-09 08:56:54.566334+00:00,ambiente,raspberry_pi_4,camera,34.6,34.2,35.0
91,_result,0,2026-08-09 06:35:12.190901+00:00,2026-08-09 09:35:12.190901+00:00,2026-08-09 08:56:59.826383+00:00,ambiente,raspberry_pi_4,camera,34.6,34.2,35.0
92,_result,0,2026-08-09 06:35:12.190901+00:00,2026-08-09 09:35:12.190901+00:00,2026-08-09 08:57:05.098605+00:00,ambiente,raspberry_pi_4,camera,34.6,34.2,35.0
93,_result,0,2026-08-09 06:35:12.190901+00:00,2026-08-09 09:35:12.190901+00:00,2026-08-09 08:57:10.358796+00:00,ambiente,raspberry_pi_4,camera,34.3,34.0,35.0
94,_result,0,2026-08-09 06:35:12.190901+00:00,2026-08-09 09:35:12.190901+00:00,2026-08-09 08:57:15.628141+00:00,ambiente,raspberry_pi_4,camera,34.3,34.0,35.0
95,_result,0,2026-08-09 06:35:12.190901+00:00,2026-08-09 09:35:12.190901+00:00,2026-08-09 08:57:20.888383+00:00,ambiente,raspberry_pi_4,camera,34.1,33.9,35.0
96,_result,0,2026-08-09 06:35:12.190901+00:00,2026-08-09 09:35:12.190901+00:00,2026-08-09 08:57:26.157425+00:00,ambiente,raspberry_pi_4,camera,34.1,33.9,35.0
97,_result,0,2026-08-09 06:35:12.190901+00:00,2026-08-09 09:35:12.190901+00:00,2026-08-09 08:57:31.418819+00:00,ambiente,raspberry_pi_4,camera,34.1,33.9,35.0
98,_result,0,2026-08-09 06:35:12.190901+00:00,2026-08-09 09:35:12.190901+00:00,2026-08-09 08:57:36.689544+00:00,ambiente,raspberry_pi_4,camera,34.0,33.8,35.0
99,_result,0,2026-08-09 06:35:12.190901+00:00,2026-08-09 09:35:12.190901+00:00,2026-08-09 08:57:41.951087+00:00,ambiente,raspberry_pi_4,camera,34.0,33.8,35.0
100,_result,0,2026-08-09 06:35:12.190901+00:00,2026-08-09 09:35:12.190901+00:00,2026-08-09 08:57:47.222079+00:00,ambiente,raspberry_pi_4,camera,34.0,33.8,35.0
101,_result,0,2026-08-09 06:35:12.190901+00:00,2026-08-09 09:35:12.190901+00:00,2026-08-09 08:57:52.482473+00:00,ambiente,raspberry_pi_4,camera,34.0,33.8,35.0
102,_result,0,2026-08-09 06:35:12.190901+00:00,2026-08-09 09:35:12.190901+00:00,2026-08-09 08:57:57.752729+00:00,ambiente,raspberry_pi_4,camera,34.0,33.8,35.0
103,_result,0,2026-08-09 06:35:12.190901+00:00,2026-08-09 09:35:12.190901+00:00,2026-08-09 08:58:03.014358+00:00,ambiente,raspberry_pi_4,camera,34.0,33.8,35.0
104,_result,0,2026-08-09 06:35:12.190901+00:00,2026-08-09 09:35:12.190901+00:00,2026-08-09 08:58:08.285552+00:00,ambiente,raspberry_pi_4,camera,34.0,33.8,35.0
105,_result,0,2026-08-09 06:35:12.190901+00:00,2026-08-09 09:35:12.190901+00:00,2026-08-09 08:58:13.545627+00:00,ambiente,raspberry_pi_4,camera,34.0,33.8,35.0
106,_result,0,2026-08-09 06:35:12.190901+00:00,2026-08-09 09:35:12.190901+00:00,2026-08-09 08:58:18.815649+00:00,ambiente,raspberry_pi_4,camera,34.0,33.8,35.0
107,_result,0,2026-08-09 06:35:12.190901+00:00,2026-08-09 09:35:12.190901+00:00,2026-08-09 08:58:24.075805+00:00,ambiente,raspberry_pi_4,camera,34.0,33.8,35.0
108,_result,0,2026-08-09 06:35:12.190901+00:00,2026-08-09 09:35:12.190901+00:00,2026-08-09 08:58:29.346778+00:00,ambiente,raspberry_pi_4,camera,34.0,33.8,35.0
109,_result,0,2026-08-09 06:35:12.190901+00:00,2026-08-09 09:35:12.190901+00:00,2026-08-09 08:58:34.606783+00:00,ambiente,raspberry_pi_4,camera,34.0,33.8,35.0
110,_result,0,2026-08-09 06:35:12.190901+00:00,2026-08-09 09:35:12.190901+00:00,2026-08-09 08:58:39.879223+00:00,ambiente,raspberry_pi_4,camera,34.0,33.8,35.0
111,_result,0,2026-08-09 06:35:12.190901+00:00,2026-08-09 09:35:12.190901+00:00,2026-08-09 08:58:45.139073+00:00,ambiente,raspberry_pi_4,camera,34.0,33.8,35.0
112,_result,0,2026-08-09 06:35:12.190901+00:00,2026-08-09 09:35:12.190901+00:00,2026-08-09 08:58:50.408724+00:00,ambiente,raspberry_pi_4,camera,34.0,33.8,35.0
113,_result,0,2026-08-09 06:35:12.190901+00:00,2026-08-09 09:35:12.190901+00:00,2026-08-09 08:58:55.669321+00:00,ambiente,raspberry_pi_4,camera,34.0,33.8,35.0
114,_result,0,2026-08-09 06:35:12.190901+00:00,2026-08-09 09:35:12.190901+00:00,2026-08-09 08:59:00.940660+00:00,ambiente,raspberry_pi_4,camera,34.0,33.8,35.0
115,_result,0,2026-08-09 06:35:12.190901+00:00,2026-08-09 09:35:12.190901+00:00,2026-08-09 08:59:06.200687+00:00,ambiente,raspberry_pi_4,camera,34.0,33.8,35.0
116,_result,0,2026-08-09 06:35:12.190901+00:00,2026-08-09 09:35:12.190901+00:00,2026-08-09 08:59:11.470394+00:00,ambiente,raspberry_pi_4,camera,34.0,33.8,35.0
117,_result,0,2026-08-09 06:35:12.190901+00:00,2026-08-09 09:35:12.190901+00:00,2026-08-09 08:59:16.731575+00:00,ambiente,raspberry_pi_4,camera,34.0,33.8,35.0
118,_result,0,2026-08-09 06:35:12.190901+00:00,2026-08-09 09:35:12.190901+00:00,2026-08-09 08:59:22.001367+00:00,ambiente,raspberry_pi_4,camera,34.0,33.8,35.0
119,_result,0,2026-08-09 06:35:12.190901+00:00,2026-08-09 09:35:12.190901+00:00,2026-08-09 08:59:27.261921+00:00,ambiente,raspberry_pi_4,camera,34.0,33.8,35.0
120,_result,0,2026-08-09 06:35:12.190901+00:00,2026-08-09 09:35:12.190901+00:00,2026-08-09 08:59:32.533261+00:00,ambiente,raspberry_pi_4,camera,34.0,33.8,35.0
121,_result,0,2026-08-09 06:35:12.190901+00:00,2026-08-09 09:35:12.190901+00:00,2026-08-09 08:59:43.057008+00:00,ambiente,raspberry_pi_4,camera,34.0,33.8,35.0
122,_result,0,2026-08-09 06:35:12.190901+00:00,2026-08-09 09:35:12.190901+00:00,2026-08-09 08:59:48.317023+00:00,ambiente,raspberry_pi_4,camera,34.0,33.8,35.0
123,_result,0,2026-08-09 06:35:12.190901+00:00,2026-08-09 09:35:12.190901+00:00,2026-08-09 08:59:53.586847+00:00,ambiente,raspberry_pi_4,camera,34.0,33.8,35.0
124,_result,0,2026-08-09 06:35:12.190901+00:00,2026-08-09 09:35:12.190901+00:00,2026-08-09 08:59:58.848412+00:00,ambiente,raspberry_pi_4,camera,34.0,33.8,35.0
125,_result,0,2026-08-09 06:35:12.190901+00:00,2026-08-09 09:35:12.190901+00:00,2026-08-09 09:00:04.120225+00:00,ambiente,raspberry_pi_4,camera,34.0,33.8,35.0
126,_result,0,2026-08-09 06:35:12.190901+00:00,2026-08-09 09:35:12.190901+00:00,2026-08-09 09:00:09.380256+00:00,ambiente,raspberry_pi_4,camera,34.0,33.8,35.0
127,_result,0,2026-08-09 06:35:12.190901+00:00,2026-08-09 09:35:12.190901+00:00,2026-08-09 09:00:14.649552+00:00,ambiente,raspberry_pi_4,camera,34.0,33.8,35.0
128,_result,0,2026-08-09 06:35:12.190901+00:00,2026-08-09 09:35:12.190901+00:00,2026-08-09 09:00:19.910562+00:00,ambiente,raspberry_pi_4,camera,34.0,33.8,35.0
129,_result,0,2026-08-09 06:35:12.190901+00:00,2026-08-09 09:35:12.190901+00:00,2026-08-09 09:00:30.434929+00:00,ambiente,raspberry_pi_4,camera,34.0,33.8,35.0
130,_result,0,2026-08-09 06:35:12.190901+00:00,2026-08-09 09:35:12.190901+00:00,2026-08-09 09:00:35.713887+00:00,ambiente,raspberry_pi_4,camera,34.0,33.8,35.0
131,_result,0,2026-08-09 06:35:12.190901+00:00,2026-08-09 09:35:12.190901+00:00,2026-08-09 09:00:40.974177+00:00,ambiente,raspberry_pi_4,camera,34.0,33.8,35.0
132,_result,0,2026-08-09 06:35:12.190901+00:00,2026-08-09 09:35:12.190901+00:00,2026-08-09 09:00:46.243773+00:00,ambiente,raspberry_pi_4,camera,34.0,33.8,35.0
133,_result,0,2026-08-09 06:35:12.190901+00:00,2026-08-09 09:35:12.190901+00:00,2026-08-09 09:00:51.503710+00:00,ambiente,raspberry_pi_4,camera,34.0,33.8,35.0
134,_result,0,2026-08-09 06:35:12.190901+00:00,2026-08-09 09:35:12.190901+00:00,2026-08-09 09:00:56.774271+00:00,ambiente,raspberry_pi_4,camera,34.0,33.8,35.0
135,_result,0,2026-08-09 06:35:12.190901+00:00,2026-08-09 09:35:12.190901+00:00,2026-08-09 09:01:02.036110+00:00,ambiente,raspberry_pi_4,camera,34.0,33.8,35.0
136,_result,0,2026-08-09 06:35:12.190901+00:00,2026-08-09 09:35:12.190901+00:00,2026-08-09 09:01:07.305795+00:00,ambiente,raspberry_pi_4,camera,34.0,33.8,35.0
137,_result,0,2026-08-09 06:35:12.190901+00:00,2026-08-09 09:35:12.190901+00:00,2026-08-09 09:01:12.565850+00:00,ambiente,raspberry_pi_4,camera,34.0,33.8,35.0
138,_result,0,2026-08-09 06:35:12.190901+00:00,2026-08-09 09:35:12.190901+00:00,2026-08-09 09:01:17.835791+00:00,ambiente,raspberry_pi_4,camera,34.0,33.8,35.0
139,_result,0,2026-08-09 06:35:12.190901+00:00,2026-08-09 09:35:12.190901+00:00,2026-08-09 09:01:23.095759+00:00,ambiente,raspberry_pi_4,camera,34.0,33.8,35.0
140,_result,0,2026-08-09 06:35:12.190901+00:00,2026-08-09 09:35:12.190901+00:00,2026-08-09 09:01:28.366604+00:00,ambiente,raspberry_pi_4,camera,34.0,33.8,35.0
141,_result,0,2026-08-09 06:35:12.190901+00:00,2026-08-09 09:35:12.190901+00:00,2026-08-09 09:01:33.628197+00:00,ambiente,raspberry_pi_4,camera,34.0,33.8,35.0
142,_result,0,2026-08-09 06:35:12.190901+00:00,2026-08-09 09:35:12.190901+00:00,2026-08-09 09:01:38.898054+00:00,ambiente,raspberry_pi_4,camera,34.0,33.8,35.0
143,_result,0,2026-08-09 06:35:12.190901+00:00,2026-08-09 09:35:12.190901+00:00,2026-08-09 09:01:44.158892+00:00,ambiente,raspberry_pi_4,camera,34.0,33.8,35.0
144,_result,0,2026-08-09 06:35:12.190901+00:00,2026-08-09 09:35:12.190901+00:00,2026-08-09 09:01:49.428801+00:00,ambiente,raspberry_pi_4,camera,34.0,33.8,35.0
145,_result,0,2026-08-09 06:35:12.190901+00:00,2026-08-09 09:35:12.190901+00:00,2026-08-09 09:01:54.690440+00:00,ambiente,raspberry_pi_4,camera,34.0,33.8,35.0
146,_result,0,2026-08-09 06:35:12.190901+00:00,2026-08-09 09:35:12.190901+00:00,2026-08-09 09:01:59.961652+00:00,ambiente,raspberry_pi_4,camera,34.0,33.8,35.0
147,_result,0,2026-08-09 06:35:12.190901+00:00,2026-08-09 09:35:12.190901+00:00,2026-08-09 09:02:05.222041+00:00,ambiente,raspberry_pi_4,camera,34.0,33.8,35.0
148,_result,0,2026-08-09 06:35:12.190901+00:00,2026-08-09 09:35:12.190901+00:00,2026-08-09 09:02:10.492330+00:00,ambiente,raspberry_pi_4,camera,34.0,33.8,35.0
149,_result,0,2026-08-09 06:35:12.190901+00:00,2026-08-09 09:35:12.190901+00:00,2026-08-09 09:02:15.752447+00:00,ambiente,raspberry_pi_4,camera,34.0,33.8,35.0
150,_result,0,2026-08-09 06:35:12.190901+00:00,2026-08-09 09:35:12.190901+00:00,2026-08-09 09:02:21.026702+00:00,ambiente,raspberry_pi_4,camera,34.0,33.8,35.0
151,_result,0,2026-08-09 06:35:12.190901+00:00,2026-08-09 09:35:12.190901+00:00,2026-08-09 09:02:26.286776+00:00,ambiente,raspberry_pi_4,camera,34.0,33.8,35.0
152,_result,0,2026-08-09 06:35:12.190901+00:00,2026-08-09 09:35:12.190901+00:00,2026-08-09 09:02:31.557928+00:00,ambiente,raspberry_pi_4,camera,34.0,33.8,35.0
153,_result,0,2026-08-09 06:35:12.190901+00:00,2026-08-09 09:35:12.190901+00:00,2026-08-09 09:02:36.818263+00:00,ambiente,raspberry_pi_4,camera,34.0,33.8,35.0
154,_result,0,2026-08-09 06:35:12.190901+00:00,2026-08-09 09:35:12.190901+00:00,2026-08-09 09:02:42.087580+00:00,ambiente,raspberry_pi_4,camera,34.0,33.8,35.0
155,_result,0,2026-08-09 06:35:12.190901+00:00,2026-08-09 09:35:12.190901+00:00,2026-08-09 09:02:47.347957+00:00,ambiente,raspberry_pi_4,camera,34.0,33.8,35.0
156,_result,0,2026-08-09 06:35:12.190901+00:00,2026-08-09 09:35:12.190901+00:00,2026-08-09 09:02:52.617743+00:00,ambiente,raspberry_pi_4,camera,34.0,33.8,35.0
157,_result,0,2026-08-09 06:35:12.190901+00:00,2026-08-09 09:35:12.190901+00:00,2026-08-09 09:02:57.877776+00:00,ambiente,raspberry_pi_4,camera,34.0,33.8,35.0
158,_result,0,2026-08-09 06:35:12.190901+00:00,2026-08-09 09:35:12.190901+00:00,2026-08-09 09:03:03.148487+00:00,ambiente,raspberry_pi_4,camera,34.0,33.8,35.0
159,_result,0,2026-08-09 06:35:12.190901+00:00,2026-08-09 09:35:12.190901+00:00,2026-08-09 09:03:08.408499+00:00,ambiente,raspberry_pi_4,camera,34.0,33.8,35.0
160,_result,0,2026-08-09 06:35:12.190901+00:00,2026-08-09 09:35:12.190901+00:00,2026-08-09 09:03:13.678090+00:00,ambiente,raspberry_pi_4,camera,34.0,33.8,35.0
161,_result,0,2026-08-09 06:35:12.190901+00:00,2026-08-09 09:35:12.190901+00:00,2026-08-09 09:03:18.938107+00:00,ambiente,raspberry_pi_4,camera,34.0,33.8,35.0
162,_result,0,2026-08-09 06:35:12.190901+00:00,2026-08-09 09:35:12.190901+00:00,2026-08-09 09:03:24.207882+00:00,ambiente,raspberry_pi_4,camera,34.0,33.8,35.0
163,_result,0,2026-08-09 06:35:12.190901+00:00,2026-08-09 09:35:12.190901+00:00,2026-08-09 09:03:29.468117+00:00,ambiente,raspberry_pi_4,camera,34.0,33.8,35.0
164,_result,0,2026-08-09 06:35:12.190901+00:00,2026-08-09 09:35:12.190901+00:00,2026-08-09 09:03:34.739406+00:00,ambiente,raspberry_pi_4,camera,34.0,33.8,35.0
165,_result,0,2026-08-09 06:35:12.190901+00:00,2026-08-09 09:35:12.190901+00:00,2026-08-09 09:03:39.999468+00:00,ambiente,raspberry_pi_4,camera,34.0,33.8,35.0
166,_result,0,2026-08-09 06:35:12.190901+00:00,2026-08-09 09:35:12.190901+00:00,2026-08-09 09:03:45.271092+00:00,ambiente,raspberry_pi_4,camera,34.0,33.8,35.0
167,_result,0,2026-08-09 06:35:12.190901+00:00,2026-08-09 09:35:12.190901+00:00,2026-08-09 09:03:50.530997+00:00,ambiente,raspberry_pi_4,camera,34.0,33.8,35.0
168,_result,0,2026-08-09 06:35:12.190901+00:00,2026-08-09 09:35:12.190901+00:00,2026-08-09 09:03:55.800480+00:00,ambiente,raspberry_pi_4,camera,34.0,33.8,35.0
169,_result,0,2026-08-09 06:35:12.190901+00:00,2026-08-09 09:35:12.190901+00:00,2026-08-09 09:04:01.061850+00:00,ambiente,raspberry_pi_4,camera,34.0,33.8,35.0
170,_result,0,2026-08-09 06:35:12.190901+00:00,2026-08-09 09:35:12.190901+00:00,2026-08-09 09:04:06.331007+00:00,ambiente,raspberry_pi_4,camera,34.0,33.8,35.0
171,_result,0,2026-08-09 06:35:12.190901+00:00,2026-08-09 09:35:12.190901+00:00,2026-08-09 09:04:11.591164+00:00,ambiente,raspberry_pi_4,camera,34.0,33.8,35.0
172,_result,0,2026-08-09 06:35:12.190901+00:00,2026-08-09 09:35:12.190901+00:00,2026-08-09 09:04:16.861242+00:00,ambiente,raspberry_pi_4,camera,34.0,33.8,35.0
173,_result,0,2026-08-09 06:35:12.190901+00:00,2026-08-09 09:35:12.190901+00:00,2026-08-09 09:04:22.121217+00:00,ambiente,raspberry_pi_4,camera,34.0,33.8,35.0
174,_result,0,2026-08-09 06:35:12.190901+00:00,2026-08-09 09:35:12.190901+00:00,2026-08-09 09:04:27.390912+00:00,ambiente,raspberry_pi_4,camera,34.0,33.8,35.0
175,_result,0,2026-08-09 06:35:12.190901+00:00,2026-08-09 09:35:12.190901+00:00,2026-08-09 09:04:37.915824+00:00,ambiente,raspberry_pi_4,camera,34.0,33.8,35.0
176,_result,0,2026-08-09 06:35:12.190901+00:00,2026-08-09 09:35:12.190901+00:00,2026-08-09 09:04:43.175681+00:00,ambiente,raspberry_pi_4,camera,34.0,33.8,35.0
177,_result,0,2026-08-09 06:35:12.190901+00:00,2026-08-09 09:35:12.190901+00:00,2026-08-09 09:04:48.445198+00:00,ambiente,raspberry_pi_4,camera,34.0,33.8,35.0
178,_result,0,2026-08-09 06:35:12.190901+00:00,2026-08-09 09:35:12.190901+00:00,2026-08-09 09:04:53.705073+00:00,ambiente,raspberry_pi_4,camera,34.0,33.8,35.0
179,_result,0,2026-08-09 06:35:12.190901+00:00,2026-08-09 09:35:12.190901+00:00,2026-08-09 09:04:58.975790+00:00,ambiente,raspberry_pi_4,camera,34.0,33.8,35.0
180,_result,0,2026-08-09 06:35:12.190901+00:00,2026-08-09 09:35:12.190901+00:00,2026-08-09 09:05:04.235786+00:00,ambiente,raspberry_pi_4,camera,34.0,33.8,35.0
181,_result,0,2026-08-09 06:35:12.190901+00:00,2026-08-09 09:35:12.190901+00:00,2026-08-09 09:05:09.505437+00:00,ambiente,raspberry_pi_4,camera,34.0,33.8,35.0
182,_result,0,2026-08-09 06:35:12.190901+00:00,2026-08-09 09:35:12.190901+00:00,2026-08-09 09:05:14.765297+00:00,ambiente,raspberry_pi_4,camera,34.0,33.8,35.0
183,_result,0,2026-08-09 06:35:12.190901+00:00,2026-08-09 09:35:12.190901+00:00,2026-08-09 09:05:20.035328+00:00,ambiente,raspberry_pi_4,camera,34.0,33.8,35.0
184,_result,0,2026-08-09 06:35:12.190901+00:00,2026-08-09 09:35:12.190901+00:00,2026-08-09 09:05:25.295729+00:00,ambiente,raspberry_pi_4,camera,34.0,33.8,35.0
185,_result,0,2026-08-09 06:35:12.190901+00:00,2026-08-09 09:35:12.190901+00:00,2026-08-09 09:05:30.567079+00:00,ambiente,raspberry_pi_4,camera,34.0,33.8,35.0
186,_result,0,2026-08-09 06:35:12.190901+00:00,2026-08-09 09:35:12.190901+00:00,2026-08-09 09:05:35.827683+00:00,ambiente,raspberry_pi_4,camera,34.0,33.8,35.0
187,_result,0,2026-08-09 06:35:12.190901+00:00,2026-08-09 09:35:12.190901+00:00,2026-08-09 09:05:41.098607+00:00,ambiente,raspberry_pi_4,camera,34.0,33.8,35.0
188,_result,0,2026-08-09 06:35:12.190901+00:00,2026-08-09 09:35:12.190901+00:00,2026-08-09 09:05:46.358943+00:00,ambiente,raspberry_pi_4,camera,34.0,33.8,35.0
189,_result,0,2026-08-09 06:35:12.190901+00:00,2026-08-09 09:35:12.190901+00:00,2026-08-09 09:05:51.628215+00:00,ambiente,raspberry_pi_4,camera,34.1,33.9,35.0
190,_result,0,2026-08-09 06:35:12.190901+00:00,2026-08-09 09:35:12.190901+00:00,2026-08-09 09:05:56.888421+00:00,ambiente,raspberry_pi_4,camera,34.0,33.8,35.0
191,_result,0,2026-08-09 06:35:12.190901+00:00,2026-08-09 09:35:12.190901+00:00,2026-08-09 09:06:02.160238+00:00,ambiente,raspberry_pi_4,camera,34.1,33.9,35.0
192,_result,0,2026-08-09 06:35:12.190901+00:00,2026-08-09 09:35:12.190901+00:00,2026-08-09 09:06:07.420360+00:00,ambiente,raspberry_pi_4,camera,34.3,34.0,35.0
193,_result,0,2026-08-09 06:35:12.190901+00:00,2026-08-09 09:35:12.190901+00:00,2026-08-09 09:06:12.689944+00:00,ambiente,raspberry_pi_4,camera,34.3,34.0,35.0
194,_result,0,2026-08-09 06:35:12.190901+00:00,2026-08-09 09:35:12.190901+00:00,2026-08-09 09:06:17.950291+00:00,ambiente,raspberry_pi_4,camera,34.6,34.1,36.0
195,_result,0,2026-08-09 06:35:12.190901+00:00,2026-08-09 09:35:12.190901+00:00,2026-08-09 09:06:23.219413+00:00,ambiente,raspberry_pi_4,camera,34.5,34.0,36.0
196,_result,0,2026-08-09 06:35:12.190901+00:00,2026-08-09 09:35:12.190901+00:00,2026-08-09 09:06:28.479464+00:00,ambiente,raspberry_pi_4,camera,34.4,34.1,35.0
197,_result,0,2026-08-09 06:35:12.190901+00:00,2026-08-09 09:35:12.190901+00:00,2026-08-09 09:06:33.750429+00:00,ambiente,raspberry_pi_4,camera,34.4,34.1,35.0
198,_result,0,2026-08-09 06:35:12.190901+00:00,2026-08-09 09:35:12.190901+00:00,2026-08-09 09:06:39.010759+00:00,ambiente,raspberry_pi_4,camera,34.3,34.0,35.0
199,_result,0,2026-08-09 06:35:12.190901+00:00,2026-08-09 09:35:12.190901+00:00,2026-08-09 09:06:44.279912+00:00,ambiente,raspberry_pi_4,camera,34.6,34.2,35.0
200,_result,0,2026-08-09 06:35:12.190901+00:00,2026-08-09 09:35:12.190901+00:00,2026-08-09 09:06:49.540255+00:00,ambiente,raspberry_pi_4,camera,34.4,34.1,35.0
201,_result,0,2026-08-09 06:35:12.190901+00:00,2026-08-09 09:35:12.190901+00:00,2026-08-09 09:06:54.809704+00:00,ambiente,raspberry_pi_4,camera,34.3,34.0,35.0
202,_result,0,2026-08-09 06:35:12.190901+00:00,2026-08-09 09:35:12.190901+00:00,2026-08-09 09:07:00.071442+00:00,ambiente,raspberry_pi_4,camera,34.4,34.1,35.0
203,_result,0,2026-08-09 06:35:12.190901+00:00,2026-08-09 09:35:12.190901+00:00,2026-08-09 09:07:05.340798+00:00,ambiente,raspberry_pi_4,camera,34.4,34.1,35.0
204,_result,0,2026-08-09 06:35:12.190901+00:00,2026-08-09 09:35:12.190901+00:00,2026-08-09 09:07:10.601074+00:00,ambiente,raspberry_pi_4,camera,34.4,34.1,35.0
205,_result,0,2026-08-09 06:35:12.190901+00:00,2026-08-09 09:35:12.190901+00:00,2026-08-09 09:07:15.870655+00:00,ambiente,raspberry_pi_4,camera,34.6,34.2,35.0
206,_result,0,2026-08-09 06:35:12.190901+00:00,2026-08-09 09:35:12.190901+00:00,2026-08-09 09:07:21.131354+00:00,ambiente,raspberry_pi_4,camera,34.4,34.1,35.0
207,_result,0,2026-08-09 06:35:12.190901+00:00,2026-08-09 09:35:12.190901+00:00,2026-08-09 09:07:26.402157+00:00,ambiente,raspberry_pi_4,camera,34.4,34.1,35.0
208,_result,0,2026-08-09 06:35:12.190901+00:00,2026-08-09 09:35:12.190901+00:00,2026-08-09 09:07:31.665095+00:00,ambiente,raspberry_pi_4,camera,34.6,34.2,35.0
209,_result,0,2026-08-09 06:35:12.190901+00:00,2026-08-09 09:35:12.190901+00:00,2026-08-09 09:07:36.934406+00:00,ambiente,raspberry_pi_4,camera,34.4,34.1,35.0
210,_result,0,2026-08-09 06:35:12.190901+00:00,2026-08-09 09:35:12.190901+00:00,2026-08-09 09:07:42.194578+00:00,ambiente,raspberry_pi_4,camera,34.6,34.2,35.0
211,_result,0,2026-08-09 06:35:12.190901+00:00,2026-08-09 09:35:12.190901+00:00,2026-08-09 09:07:47.463924+00:00,ambiente,raspberry_pi_4,camera,34.6,34.2,35.0
212,_result,0,2026-08-09 06:35:12.190901+00:00,2026-08-09 09:35:12.190901+00:00,2026-08-09 09:07:52.724152+00:00,ambiente,raspberry_pi_4,camera,34.6,34.2,35.0
213,_result,0,2026-08-09 06:35:12.190901+00:00,2026-08-09 09:35:12.190901+00:00,2026-08-09 09:07:57.993943+00:00,ambiente,raspberry_pi_4,camera,34.6,34.2,35.0
214,_result,0,2026-08-09 06:35:12.190901+00:00,2026-08-09 09:35:12.190901+00:00,2026-08-09 09:08:03.255682+00:00,ambiente,raspberry_pi_4,camera,34.6,34.2,35.0
215,_result,0,2026-08-09 06:35:12.190901+00:00,2026-08-09 09:35:12.190901+00:00,2026-08-09 09:08:08.524966+00:00,ambiente,raspberry_pi_4,camera,34.6,34.2,35.0
216,_result,0,2026-08-09 06:35:12.190901+00:00,2026-08-09 09:35:12.190901+00:00,2026-08-09 09:08:13.785094+00:00,ambiente,raspberry_pi_4,camera,34.6,34.2,35.0
217,_result,0,2026-08-09 06:35:12.190901+00:00,2026-08-09 09:35:12.190901+00:00,2026-08-09 09:08:19.054706+00:00,ambiente,raspberry_pi_4,camera,34.6,34.2,35.0
218,_result,0,2026-08-09 06:35:12.190901+00:00,2026-08-09 09:35:12.190901+00:00,2026-08-09 09:08:24.314632+00:00,ambiente,raspberry_pi_4,camera,34.6,34.2,35.0
219,_result,0,2026-08-09 06:35:12.190901+00:00,2026-08-09 09:35:12.190901+00:00,2026-08-09 09:08:29.585750+00:00,ambiente,raspberry_pi_4,camera,34.6,34.2,35.0
220,_result,0,2026-08-09 06:35:12.190901+00:00,2026-08-09 09:35:12.190901+00:00,2026-08-09 09:08:34.846185+00:00,ambiente,raspberry_pi_4,camera,34.6,34.2,35.0
221,_result,0,2026-08-09 06:35:12.190901+00:00,2026-08-09 09:35:12.190901+00:00,2026-08-09 09:08:40.115417+00:00,ambiente,raspberry_pi_4,camera,34.6,34.2,35.0
222,_result,0,2026-08-09 06:35:12.190901+00:00,2026-08-09 09:35:12.190901+00:00,2026-08-09 09:08:45.375420+00:00,ambiente,raspberry_pi_4,camera,34.6,34.2,35.0
223,_result,0,2026-08-09 06:35:12.190901+00:00,2026-08-09 09:35:12.190901+00:00,2026-08-09 09:08:50.644970+00:00,ambiente,raspberry_pi_4,camera,34.6,34.2,35.0
224,_result,0,2026-08-09 06:35:12.190901+00:00,2026-08-09 09:35:12.190901+00:00,2026-08-09 09:08:55.904988+00:00,ambiente,raspberry_pi_4,camera,34.6,34.2,35.0
225,_result,0,2026-08-09 06:35:12.190901+00:00,2026-08-09 09:35:12.190901+00:00,2026-08-09 09:09:01.175901+00:00,ambiente,raspberry_pi_4,camera,34.6,34.2,35.0
226,_result,0,2026-08-09 06:35:12.190901+00:00,2026-08-09 09:35:12.190901+00:00,2026-08-09 09:09:06.436261+00:00,ambiente,raspberry_pi_4,camera,34.6,34.2,35.0
227,_result,0,2026-08-09 06:35:12.190901+00:00,2026-08-09 09:35:12.190901+00:00,2026-08-09 09:09:11.705908+00:00,ambiente,raspberry_pi_4,camera,34.6,34.2,35.0
228,_result,0,2026-08-09 06:35:12.190901+00:00,2026-08-09 09:35:12.190901+00:00,2026-08-09 09:09:22.230715+00:00,ambiente,raspberry_pi_4,camera,34.6,34.2,35.0
229,_result,0,2026-08-09 06:35:12.190901+00:00,2026-08-09 09:35:12.190901+00:00,2026-08-09 09:09:27.490633+00:00,ambiente,raspberry_pi_4,camera,34.6,34.2,35.0
230,_result,0,2026-08-09 06:35:12.190901+00:00,2026-08-09 09:35:12.190901+00:00,2026-08-09 09:09:32.762132+00:00,ambiente,raspberry_pi_4,camera,34.4,34.1,35.0
231,_result,0,2026-08-09 06:35:12.190901+00:00,2026-08-09 09:35:12.190901+00:00,2026-08-09 09:09:38.022205+00:00,ambiente,raspberry_pi_4,camera,34.4,34.1,35.0
232,_result,0,2026-08-09 06:35:12.190901+00:00,2026-08-09 09:35:12.190901+00:00,2026-08-09 09:09:43.291682+00:00,ambiente,raspberry_pi_4,camera,34.3,34.0,35.0
233,_result,0,2026-08-09 06:35:12.190901+00:00,2026-08-09 09:35:12.190901+00:00,2026-08-09 09:09:48.551991+00:00,ambiente,raspberry_pi_4,camera,34.4,34.1,35.0
234,_result,0,2026-08-09 06:35:12.190901+00:00,2026-08-09 09:35:12.190901+00:00,2026-08-09 09:09:53.821325+00:00,ambiente,raspberry_pi_4,camera,34.3,34.0,35.0
235,_result,0,2026-08-09 06:35:12.190901+00:00,2026-08-09 09:35:12.190901+00:00,2026-08-09 09:09:59.081404+00:00,ambiente,raspberry_pi_4,camera,34.1,33.9,35.0
236,_result,0,2026-08-09 06:35:12.190901+00:00,2026-08-09 09:35:12.190901+00:00,2026-08-09 09:10:04.352483+00:00,ambiente,raspberry_pi_4,camera,34.1,33.9,35.0
237,_result,0,2026-08-09 06:35:12.190901+00:00,2026-08-09 09:35:12.190901+00:00,2026-08-09 09:10:09.612382+00:00,ambiente,raspberry_pi_4,camera,34.1,33.9,35.0
238,_result,0,2026-08-09 06:35:12.190901+00:00,2026-08-09 09:35:12.190901+00:00,2026-08-09 09:10:14.882139+00:00,ambiente,raspberry_pi_4,camera,34.1,33.9,35.0
239,_result,0,2026-08-09 06:35:12.190901+00:00,2026-08-09 09:35:12.190901+00:00,2026-08-09 09:10:20.142112+00:00,ambiente,raspberry_pi_4,camera,34.1,33.9,35.0
240,_result,0,2026-08-09 06:35:12.190901+00:00,2026-08-09 09:35:12.190901+00:00,2026-08-09 09:10:25.411393+00:00,ambiente,raspberry_pi_4,camera,34.3,34.0,35.0
241,_result,0,2026-08-09 06:35:12.190901+00:00,2026-08-09 09:35:12.190901+00:00,2026-08-09 09:10:30.672991+00:00,ambiente,raspberry_pi_4,camera,34.1,33.9,35.0
242,_result,0,2026-08-09 06:35:12.190901+00:00,2026-08-09 09:35:12.190901+00:00,2026-08-09 09:10:35.942691+00:00,ambiente,raspberry_pi_4,camera,34.5,34.0,36.0
243,_result,0,2026-08-09 06:35:12.190901+00:00,2026-08-09 09:35:12.190901+00:00,2026-08-09 09:10:41.202415+00:00,ambiente,raspberry_pi_4,camera,34.3,33.9,36.0
244,_result,0,2026-08-09 06:35:12.190901+00:00,2026-08-09 09:35:12.190901+00:00,2026-08-09 09:10:46.471579+00:00,ambiente,raspberry_pi_4,camera,34.5,34.0,36.0
245,_result,0,2026-08-09 06:35:12.190901+00:00,2026-08-09 09:35:12.190901+00:00,2026-08-09 09:10:51.732122+00:00,ambiente,raspberry_pi_4,camera,34.5,34.0,36.0
246,_result,0,2026-08-09 06:35:12.190901+00:00,2026-08-09 09:35:12.190901+00:00,2026-08-09 09:10:57.001456+00:00,ambiente,raspberry_pi_4,camera,34.5,34.0,36.0
247,_result,0,2026-08-09 06:35:12.190901+00:00,2026-08-09 09:35:12.190901+00:00,2026-08-09 09:11:02.262797+00:00,ambiente,raspberry_pi_4,camera,34.5,34.0,36.0
248,_result,0,2026-08-09 06:35:12.190901+00:00,2026-08-09 09:35:12.190901+00:00,2026-08-09 09:11:07.532213+00:00,ambiente,raspberry_pi_4,camera,34.5,34.0,36.0
249,_result,0,2026-08-09 06:35:12.190901+00:00,2026-08-09 09:35:12.190901+00:00,2026-08-09 09:11:12.792550+00:00,ambiente,raspberry_pi_4,camera,34.5,34.0,36.0
250,_result,0,2026-08-09 06:35:12.190901+00:00,2026-08-09 09:35:12.190901+00:00,2026-08-09 09:11:18.064651+00:00,ambiente,raspberry_pi_4,camera,34.8,34.2,36.0
251,_result,0,2026-08-09 06:35:12.190901+00:00,2026-08-09 09:35:12.190901+00:00,2026-08-09 09:11:23.324587+00:00,ambiente,raspberry_pi_4,camera,34.5,34.0,36.0
252,_result,0,2026-08-09 06:35:12.190901+00:00,2026-08-09 09:35:12.190901+00:00,2026-08-09 09:11:28.594149+00:00,ambiente,raspberry_pi_4,camera,34.6,34.1,36.0
253,_result,0,2026-08-09 06:35:12.190901+00:00,2026-08-09 09:35:12.190901+00:00,2026-08-09 09:11:33.855462+00:00,ambiente,raspberry_pi_4,camera,34.6,34.1,36.0
254,_result,0,2026-08-09 06:35:12.190901+00:00,2026-08-09 09:35:12.190901+00:00,2026-08-09 09:11:39.125037+00:00,ambiente,raspberry_pi_4,camera,34.8,34.2,36.0
255,_result,0,2026-08-09 06:35:12.190901+00:00,2026-08-09 09:35:12.190901+00:00,2026-08-09 09:11:44.385031+00:00,ambiente,raspberry_pi_4,camera,34.6,34.2,35.0
256,_result,0,2026-08-09 06:35:12.190901+00:00,2026-08-09 09:35:12.190901+00:00,2026-08-09 09:11:49.654309+00:00,ambiente,raspberry_pi_4,camera,34.6,34.2,35.0
257,_result,0,2026-08-09 06:35:12.190901+00:00,2026-08-09 09:35:12.190901+00:00,2026-08-09 09:11:54.914519+00:00,ambiente,raspberry_pi_4,camera,34.6,34.2,35.0
258,_result,0,2026-08-09 06:35:12.190901+00:00,2026-08-09 09:35:12.190901+00:00,2026-08-09 09:12:00.185493+00:00,ambiente,raspberry_pi_4,camera,34.6,34.2,35.0
259,_result,0,2026-08-09 06:35:12.190901+00:00,2026-08-09 09:35:12.190901+00:00,2026-08-09 09:12:05.445859+00:00,ambiente,raspberry_pi_4,camera,34.6,34.2,35.0
260,_result,0,2026-08-09 06:35:12.190901+00:00,2026-08-09 09:35:12.190901+00:00,2026-08-09 09:12:10.715091+00:00,ambiente,raspberry_pi_4,camera,34.8,34.2,36.0
261,_result,0,2026-08-09 06:35:12.190901+00:00,2026-08-09 09:35:12.190901+00:00,2026-08-09 09:12:15.975111+00:00,ambiente,raspberry_pi_4,camera,34.6,34.2,35.0
262,_result,0,2026-08-09 06:35:12.190901+00:00,2026-08-09 09:35:12.190901+00:00,2026-08-09 09:12:21.244702+00:00,ambiente,raspberry_pi_4,camera,34.8,34.2,36.0
263,_result,0,2026-08-09 06:35:12.190901+00:00,2026-08-09 09:35:12.190901+00:00,2026-08-09 09:12:26.504770+00:00,ambiente,raspberry_pi_4,camera,34.8,34.2,36.0
264,_result,0,2026-08-09 06:35:12.190901+00:00,2026-08-09 09:35:12.190901+00:00,2026-08-09 09:12:31.775537+00:00,ambiente,raspberry_pi_4,camera,34.8,34.2,36.0
265,_result,0,2026-08-09 06:35:12.190901+00:00,2026-08-09 09:35:12.190901+00:00,2026-08-09 09:12:37.035389+00:00,ambiente,raspberry_pi_4,camera,34.8,34.2,36.0
266,_result,0,2026-08-09 06:35:12.190901+00:00,2026-08-09 09:35:12.190901+00:00,2026-08-09 09:12:42.305162+00:00,ambiente,raspberry_pi_4,camera,34.8,34.2,36.0
267,_result,0,2026-08-09 06:35:12.190901+00:00,2026-08-09 09:35:12.190901+00:00,2026-08-09 09:12:47.565280+00:00,ambiente,raspberry_pi_4,camera,34.6,34.2,35.0
268,_result,0,2026-08-09 06:35:12.190901+00:00,2026-08-09 09:35:12.190901+00:00,2026-08-09 09:12:52.834542+00:00,ambiente,raspberry_pi_4,camera,34.6,34.2,35.0
269,_result,0,2026-08-09 06:35:12.190901+00:00,2026-08-09 09:35:12.190901+00:00,2026-08-09 09:12:58.095418+00:00,ambiente,raspberry_pi_4,camera,34.6,34.2,35.0
270,_result,0,2026-08-09 06:35:12.190901+00:00,2026-08-09 09:35:12.190901+00:00,2026-08-09 09:13:03.368776+00:00,ambiente,raspberry_pi_4,camera,34.6,34.2,35.0
271,_result,0,2026-08-09 06:35:12.190901+00:00,2026-08-09 09:35:12.190901+00:00,2026-08-09 09:13:08.628997+00:00,ambiente,raspberry_pi_4,camera,34.6,34.2,35.0
272,_result,0,2026-08-09 06:35:12.190901+00:00,2026-08-09 09:35:12.190901+00:00,2026-08-09 09:13:13.898691+00:00,ambiente,raspberry_pi_4,camera,34.6,34.2,35.0
273,_result,0,2026-08-09 06:35:12.190901+00:00,2026-08-09 09:35:12.190901+00:00,2026-08-09 09:13:19.158944+00:00,ambiente,raspberry_pi_4,camera,34.6,34.2,35.0
274,_result,0,2026-08-09 06:35:12.190901+00:00,2026-08-09 09:35:12.190901+00:00,2026-08-09 09:13:24.428372+00:00,ambiente,raspberry_pi_4,camera,34.8,34.2,36.0
275,_result,0,2026-08-09 06:35:12.190901+00:00,2026-08-09 09:35:12.190901+00:00,2026-08-09 09:13:29.689324+00:00,ambiente,raspberry_pi_4,camera,34.8,34.2,36.0
276,_result,0,2026-08-09 06:35:12.190901+00:00,2026-08-09 09:35:12.190901+00:00,2026-08-09 09:13:34.962827+00:00,ambiente,raspberry_pi_4,camera,34.8,34.2,36.0
277,_result,0,2026-08-09 06:35:12.190901+00:00,2026-08-09 09:35:12.190901+00:00,2026-08-09 09:13:40.223821+00:00,ambiente,raspberry_pi_4,camera,34.8,34.2,36.0
278,_result,0,2026-08-09 06:35:12.190901+00:00,2026-08-09 09:35:12.190901+00:00,2026-08-09 09:13:45.493630+00:00,ambiente,raspberry_pi_4,camera,34.8,34.2,36.0
279,_result,0,2026-08-09 06:35:12.190901+00:00,2026-08-09 09:35:12.190901+00:00,2026-08-09 09:13:50.753767+00:00,ambiente,raspberry_pi_4,camera,34.8,34.2,36.0
280,_result,0,2026-08-09 06:35:12.190901+00:00,2026-08-09 09:35:12.190901+00:00,2026-08-09 09:13:56.023342+00:00,ambiente,raspberry_pi_4,camera,34.8,34.2,36.0
281,_result,0,2026-08-09 06:35:12.190901+00:00,2026-08-09 09:35:12.190901+00:00,2026-08-09 09:14:01.285203+00:00,ambiente,raspberry_pi_4,camera,34.8,34.2,36.0
282,_result,0,2026-08-09 06:35:12.190901+00:00,2026-08-09 09:35:12.190901+00:00,2026-08-09 09:14:06.555063+00:00,ambiente,raspberry_pi_4,camera,34.8,34.2,36.0
283,_result,0,2026-08-09 06:35:12.190901+00:00,2026-08-09 09:35:12.190901+00:00,2026-08-09 09:14:11.815727+00:00,ambiente,raspberry_pi_4,camera,34.6,34.2,35.0
284,_result,0,2026-08-09 06:35:12.190901+00:00,2026-08-09 09:35:12.190901+00:00,2026-08-09 09:14:17.085181+00:00,ambiente,raspberry_pi_4,camera,34.6,34.2,35.0
285,_result,0,2026-08-09 06:35:12.190901+00:00,2026-08-09 09:35:12.190901+00:00,2026-08-09 09:14:22.345485+00:00,ambiente,raspberry_pi_4,camera,34.6,34.2,35.0
286,_result,0,2026-08-09 06:35:12.190901+00:00,2026-08-09 09:35:12.190901+00:00,2026-08-09 09:14:27.615164+00:00,ambiente,raspberry_pi_4,camera,34.6,34.2,35.0
287,_result,0,2026-08-09 06:35:12.190901+00:00,2026-08-09 09:35:12.190901+00:00,2026-08-09 09:14:32.877137+00:00,ambiente,raspberry_pi_4,camera,34.6,34.2,35.0
288,_result,0,2026-08-09 06:35:12.190901+00:00,2026-08-09 09:35:12.190901+00:00,2026-08-09 09:14:38.153054+00:00,ambiente,raspberry_pi_4,camera,34.6,34.2,35.0
289,_result,0,2026-08-09 06:35:12.190901+00:00,2026-08-09 09:35:12.190901+00:00,2026-08-09 09:14:43.412904+00:00,ambiente,raspberry_pi_4,camera,34.6,34.2,35.0
290,_result,0,2026-08-09 06:35:12.190901+00:00,2026-08-09 09:35:12.190901+00:00,2026-08-09 09:14:48.682658+00:00,ambiente,raspberry_pi_4,camera,34.8,34.2,36.0
291,_result,0,2026-08-09 06:35:12.190901+00:00,2026-08-09 09:35:12.190901+00:00,2026-08-09 09:14:53.942884+00:00,ambiente,raspberry_pi_4,camera,34.6,34.2,35.0
292,_result,0,2026-08-09 06:35:12.190901+00:00,2026-08-09 09:35:12.190901+00:00,2026-08-09 09:14:59.215669+00:00,ambiente,raspberry_pi_4,camera,34.8,34.2,36.0
293,_result,0,2026-08-09 06:35:12.190901+00:00,2026-08-09 09:35:12.190901+00:00,2026-08-09 09:15:04.477981+00:00,ambiente,raspberry_pi_4,camera,34.8,34.2,36.0
294,_result,0,2026-08-09 06:35:12.190901+00:00,2026-08-09 09:35:12.190901+00:00,2026-08-09 09:15:09.747431+00:00,ambiente,raspberry_pi_4,camera,34.8,34.2,36.0
295,_result,0,2026-08-09 06:35:12.190901+00:00,2026-08-09 09:35:12.190901+00:00,2026-08-09 09:15:15.007603+00:00,ambiente,raspberry_pi_4,camera,34.8,34.2,36.0
296,_result,0,2026-08-09 06:35:12.190901+00:00,2026-08-09 09:35:12.190901+00:00,2026-08-09 09:15:20.277187+00:00,ambiente,raspberry_pi_4,camera,34.8,34.2,36.0
297,_result,0,2026-08-09 06:35:12.190901+00:00,2026-08-09 09:35:12.190901+00:00,2026-08-09 09:15:25.537120+00:00,ambiente,raspberry_pi_4,camera,34.8,34.2,36.0
298,_result,0,2026-08-09 06:35:12.190901+00:00,2026-08-09 09:35:12.190901+00:00,2026-08-09 09:15:30.808777+00:00,ambiente,raspberry_pi_4,camera,34.8,34.2,36.0
299,_result,0,2026-08-09 06:35:12.190901+00:00,2026-08-09 09:35:12.190901+00:00,2026-08-09 09:15:36.068764+00:00,ambiente,raspberry_pi_4,camera,34.8,34.2,36.0
300,_result,0,2026-08-09 06:35:12.190901+00:00,2026-08-09 09:35:12.190901+00:00,2026-08-09 09:15:41.338076+00:00,ambiente,raspberry_pi_4,camera,34.8,34.2,36.0
301,_result,0,2026-08-09 06:35:12.190901+00:00,2026-08-09 09:35:12.190901+00:00,2026-08-09 09:15:46.598449+00:00,ambiente,raspberry_pi_4,camera,34.8,34.2,36.0
302,_result,0,2026-08-09 06:35:12.190901+00:00,2026-08-09 09:35:12.190901+00:00,2026-08-09 09:15:51.867718+00:00,ambiente,raspberry_pi_4,camera,34.8,34.2,36.0
303,_result,0,2026-08-09 06:35:12.190901+00:00,2026-08-09 09:35:12.190901+00:00,2026-08-09 09:15:57.127873+00:00,ambiente,raspberry_pi_4,camera,34.8,34.2,36.0
304,_result,0,2026-08-09 06:35:12.190901+00:00,2026-08-09 09:35:12.190901+00:00,2026-08-09 09:16:02.399438+00:00,ambiente,raspberry_pi_4,camera,34.6,34.2,35.0
305,_result,0,2026-08-09 06:35:12.190901+00:00,2026-08-09 09:35:12.190901+00:00,2026-08-09 09:16:07.659441+00:00,ambiente,raspberry_pi_4,camera,34.6,34.2,35.0
306,_result,0,2026-08-09 06:35:12.190901+00:00,2026-08-09 09:35:12.190901+00:00,2026-08-09 09:16:12.929895+00:00,ambiente,raspberry_pi_4,camera,34.6,34.2,35.0
307,_result,0,2026-08-09 06:35:12.190901+00:00,2026-08-09 09:35:12.190901+00:00,2026-08-09 09:16:18.189930+00:00,ambiente,raspberry_pi_4,camera,34.8,34.2,36.0
308,_result,0,2026-08-09 06:35:12.190901+00:00,2026-08-09 09:35:12.190901+00:00,2026-08-09 09:16:23.459519+00:00,ambiente,raspberry_pi_4,camera,34.8,34.2,36.0
309,_result,0,2026-08-09 06:35:12.190901+00:00,2026-08-09 09:35:12.190901+00:00,2026-08-09 09:16:28.720153+00:00,ambiente,raspberry_pi_4,camera,34.8,34.2,36.0
310,_result,0,2026-08-09 06:35:12.190901+00:00,2026-08-09 09:35:12.190901+00:00,2026-08-09 09:16:33.991699+00:00,ambiente,raspberry_pi_4,camera,34.8,34.2,36.0
311,_result,0,2026-08-09 06:35:12.190901+00:00,2026-08-09 09:35:12.190901+00:00,2026-08-09 09:16:39.252196+00:00,ambiente,raspberry_pi_4,camera,34.8,34.2,36.0
312,_result,0,2026-08-09 06:35:12.190901+00:00,2026-08-09 09:35:12.190901+00:00,2026-08-09 09:16:44.523250+00:00,ambiente,raspberry_pi_4,camera,34.8,34.2,36.0
313,_result,0,2026-08-09 06:35:12.190901+00:00,2026-08-09 09:35:12.190901+00:00,2026-08-09 09:16:49.783254+00:00,ambiente,raspberry_pi_4,camera,34.8,34.2,36.0
314,_result,0,2026-08-09 06:35:12.190901+00:00,2026-08-09 09:35:12.190901+00:00,2026-08-09 09:16:55.052745+00:00,ambiente,raspberry_pi_4,camera,34.8,34.2,36.0
315,_result,0,2026-08-09 06:35:12.190901+00:00,2026-08-09 09:35:12.190901+00:00,2026-08-09 09:17:00.314551+00:00,ambiente,raspberry_pi_4,camera,34.8,34.2,36.0
316,_result,0,2026-08-09 06:35:12.190901+00:00,2026-08-09 09:35:12.190901+00:00,2026-08-09 09:17:05.584669+00:00,ambiente,raspberry_pi_4,camera,34.8,34.2,36.0
317,_result,0,2026-08-09 06:35:12.190901+00:00,2026-08-09 09:35:12.190901+00:00,2026-08-09 09:17:10.844704+00:00,ambiente,raspberry_pi_4,camera,34.8,34.2,36.0
318,_result,0,2026-08-09 06:35:12.190901+00:00,2026-08-09 09:35:12.190901+00:00,2026-08-09 09:17:16.114251+00:00,ambiente,raspberry_pi_4,camera,34.8,34.2,36.0
319,_result,0,2026-08-09 06:35:12.190901+00:00,2026-08-09 09:35:12.190901+00:00,2026-08-09 09:17:26.638128+00:00,ambiente,raspberry_pi_4,camera,34.8,34.2,36.0
320,_result,0,2026-08-09 06:35:12.190901+00:00,2026-08-09 09:35:12.190901+00:00,2026-08-09 09:17:31.899864+00:00,ambiente,raspberry_pi_4,camera,34.8,34.2,36.0
321,_result,0,2026-08-09 06:35:12.190901+00:00,2026-08-09 09:35:12.190901+00:00,2026-08-09 09:17:37.169583+00:00,ambiente,raspberry_pi_4,camera,34.8,34.2,36.0
322,_result,0,2026-08-09 06:35:12.190901+00:00,2026-08-09 09:35:12.190901+00:00,2026-08-09 09:17:42.429602+00:00,ambiente,raspberry_pi_4,camera,34.8,34.2,36.0
323,_result,0,2026-08-09 06:35:12.190901+00:00,2026-08-09 09:35:12.190901+00:00,2026-08-09 09:17:47.699768+00:00,ambiente,raspberry_pi_4,camera,34.8,34.2,36.0
324,_result,0,2026-08-09 06:35:12.190901+00:00,2026-08-09 09:35:12.190901+00:00,2026-08-09 09:17:52.959628+00:00,ambiente,raspberry_pi_4,camera,34.8,34.2,36.0
325,_result,0,2026-08-09 06:35:12.190901+00:00,2026-08-09 09:35:12.190901+00:00,2026-08-09 09:17:58.229325+00:00,ambiente,raspberry_pi_4,camera,34.8,34.2,36.0
326,_result,0,2026-08-09 06:35:12.190901+00:00,2026-08-09 09:35:12.190901+00:00,2026-08-09 09:18:03.490645+00:00,ambiente,raspberry_pi_4,camera,34.8,34.2,36.0
327,_result,0,2026-08-09 06:35:12.190901+00:00,2026-08-09 09:35:12.190901+00:00,2026-08-09 09:18:08.760407+00:00,ambiente,raspberry_pi_4,camera,34.8,34.2,36.0
328,_result,0,2026-08-09 06:35:12.190901+00:00,2026-08-09 09:35:12.190901+00:00,2026-08-09 09:18:14.020377+00:00,ambiente,raspberry_pi_4,camera,34.8,34.2,36.0
329,_result,0,2026-08-09 06:35:12.190901+00:00,2026-08-09 09:35:12.190901+00:00,2026-08-09 09:18:19.290295+00:00,ambiente,raspberry_pi_4,camera,34.8,34.2,36.0
330,_result,0,2026-08-09 06:35:12.190901+00:00,2026-08-09 09:35:12.190901+00:00,2026-08-09 09:18:24.550703+00:00,ambiente,raspberry_pi_4,camera,34.8,34.2,36.0
331,_result,0,2026-08-09 06:35:12.190901+00:00,2026-08-09 09:35:12.190901+00:00,2026-08-09 09:18:29.821720+00:00,ambiente,raspberry_pi_4,camera,34.8,34.2,36.0
332,_result,0,2026-08-09 06:35:12.190901+00:00,2026-08-09 09:35:12.190901+00:00,2026-08-09 09:18:35.081739+00:00,ambiente,raspberry_pi_4,camera,34.8,34.2,36.0
333,_result,0,2026-08-09 06:35:12.190901+00:00,2026-08-09 09:35:12.190901+00:00,2026-08-09 09:18:40.353122+00:00,ambiente,raspberry_pi_4,camera,34.8,34.2,36.0
334,_result,0,2026-08-09 06:35:12.190901+00:00,2026-08-09 09:35:12.190901+00:00,2026-08-09 09:18:45.613474+00:00,ambiente,raspberry_pi_4,camera,34.8,34.2,36.0
335,_result,0,2026-08-09 06:35:12.190901+00:00,2026-08-09 09:35:12.190901+00:00,2026-08-09 09:18:50.882827+00:00,ambiente,raspberry_pi_4,camera,34.8,34.2,36.0
336,_result,0,2026-08-09 06:35:12.190901+00:00,2026-08-09 09:35:12.190901+00:00,2026-08-09 09:18:56.143084+00:00,ambiente,raspberry_pi_4,camera,34.8,34.2,36.0
337,_result,0,2026-08-09 06:35:12.190901+00:00,2026-08-09 09:35:12.190901+00:00,2026-08-09 09:19:01.414185+00:00,ambiente,raspberry_pi_4,camera,34.8,34.2,36.0
338,_result,0,2026-08-09 06:35:12.190901+00:00,2026-08-09 09:35:12.190901+00:00,2026-08-09 09:19:06.674179+00:00,ambiente,raspberry_pi_4,camera,34.8,34.2,36.0
339,_result,0,2026-08-09 06:35:12.190901+00:00,2026-08-09 09:35:12.190901+00:00,2026-08-09 09:19:11.944204+00:00,ambiente,raspberry_pi_4,camera,34.8,34.2,36.0
340,_result,0,2026-08-09 06:35:12.190901+00:00,2026-08-09 09:35:12.190901+00:00,2026-08-09 09:19:17.204254+00:00,ambiente,raspberry_pi_4,camera,34.8,34.2,36.0
341,_result,0,2026-08-09 06:35:12.190901+00:00,2026-08-09 09:35:12.190901+00:00,2026-08-09 09:19:22.473927+00:00,ambiente,raspberry_pi_4,camera,34.8,34.2,36.0
342,_result,0,2026-08-09 06:35:12.190901+00:00,2026-08-09 09:35:12.190901+00:00,2026-08-09 09:19:27.734299+00:00,ambiente,raspberry_pi_4,camera,34.8,34.2,36.0
343,_result,0,2026-08-09 06:35:12.190901+00:00,2026-08-09 09:35:12.190901+00:00,2026-08-09 09:19:33.004999+00:00,ambiente,raspberry_pi_4,camera,34.8,34.2,36.0
344,_result,0,2026-08-09 06:35:12.190901+00:00,2026-08-09 09:35:12.190901+00:00,2026-08-09 09:19:38.265188+00:00,ambiente,raspberry_pi_4,camera,34.8,34.2,36.0
345,_result,0,2026-08-09 06:35:12.190901+00:00,2026-08-09 09:35:12.190901+00:00,2026-08-09 09:19:43.536290+00:00,ambiente,raspberry_pi_4,camera,34.8,34.2,36.0
346,_result,0,2026-08-09 06:35:12.190901+00:00,2026-08-09 09:35:12.190901+00:00,2026-08-09 09:19:48.796350+00:00,ambiente,raspberry_pi_4,camera,34.8,34.2,36.0
347,_result,0,2026-08-09 06:35:12.190901+00:00,2026-08-09 09:35:12.190901+00:00,2026-08-09 09:19:54.066031+00:00,ambiente,raspberry_pi_4,camera,34.8,34.2,36.0
348,_result,0,2026-08-09 06:35:12.190901+00:00,2026-08-09 09:35:12.190901+00:00,2026-08-09 09:19:59.325870+00:00,ambiente,raspberry_pi_4,camera,34.8,34.2,36.0
349,_result,0,2026-08-09 06:35:12.190901+00:00,2026-08-09 09:35:12.190901+00:00,2026-08-09 09:20:04.597559+00:00,ambiente,raspberry_pi_4,camera,34.8,34.2,36.0
350,_result,0,2026-08-09 06:35:12.190901+00:00,2026-08-09 09:35:12.190901+00:00,2026-08-09 09:20:09.857674+00:00,ambiente,raspberry_pi_4,camera,34.8,34.2,36.0
351,_result,0,2026-08-09 06:35:12.190901+00:00,2026-08-09 09:35:12.190901+00:00,2026-08-09 09:20:15.127321+00:00,ambiente,raspberry_pi_4,camera,34.8,34.2,36.0
352,_result,0,2026-08-09 06:35:12.190901+00:00,2026-08-09 09:35:12.190901+00:00,2026-08-09 09:20:20.387418+00:00,ambiente,raspberry_pi_4,camera,34.8,34.2,36.0
353,_result,0,2026-08-09 06:35:12.190901+00:00,2026-08-09 09:35:12.190901+00:00,2026-08-09 09:20:25.656860+00:00,ambiente,raspberry_pi_4,camera,34.8,34.2,36.0
354,_result,0,2026-08-09 06:35:12.190901+00:00,2026-08-09 09:35:12.190901+00:00,2026-08-09 09:20:30.919011+00:00,ambiente,raspberry_pi_4,camera,34.8,34.2,36.0
355,_result,0,2026-08-09 06:35:12.190901+00:00,2026-08-09 09:35:12.190901+00:00,2026-08-09 09:20:36.188784+00:00,ambiente,raspberry_pi_4,camera,34.8,34.2,36.0
356,_result,0,2026-08-09 06:35:12.190901+00:00,2026-08-09 09:35:12.190901+00:00,2026-08-09 09:20:41.448784+00:00,ambiente,raspberry_pi_4,camera,34.8,34.2,36.0
357,_result,0,2026-08-09 06:35:12.190901+00:00,2026-08-09 09:35:12.190901+00:00,2026-08-09 09:20:46.718184+00:00,ambiente,raspberry_pi_4,camera,34.8,34.2,36.0
358,_result,0,2026-08-09 06:35:12.190901+00:00,2026-08-09 09:35:12.190901+00:00,2026-08-09 09:20:51.978669+00:00,ambiente,raspberry_pi_4,camera,34.8,34.2,36.0
359,_result,0,2026-08-09 06:35:12.190901+00:00,2026-08-09 09:35:12.190901+00:00,2026-08-09 09:20:57.248161+00:00,ambiente,raspberry_pi_4,camera,34.8,34.2,36.0
360,_result,0,2026-08-09 06:35:12.190901+00:00,2026-08-09 09:35:12.190901+00:00,2026-08-09 09:21:02.510018+00:00,ambiente,raspberry_pi_4,camera,34.8,34.2,36.0
361,_result,0,2026-08-09 06:35:12.190901+00:00,2026-08-09 09:35:12.190901+00:00,2026-08-09 09:21:07.780789+00:00,ambiente,raspberry_pi_4,camera,34.8,34.2,36.0
362,_result,0,2026-08-09 06:35:12.190901+00:00,2026-08-09 09:35:12.190901+00:00,2026-08-09 09:21:13.040719+00:00,ambiente,raspberry_pi_4,camera,34.8,34.2,36.0
363,_result,0,2026-08-09 06:35:12.190901+00:00,2026-08-09 09:35:12.190901+00:00,2026-08-09 09:21:18.310556+00:00,ambiente,raspberry_pi_4,camera,34.8,34.2,36.0
364,_result,0,2026-08-09 06:35:12.190901+00:00,2026-08-09 09:35:12.190901+00:00,2026-08-09 09:21:23.570257+00:00,ambiente,raspberry_pi_4,camera,34.8,34.2,36.0
365,_result,0,2026-08-09 06:35:12.190901+00:00,2026-08-09 09:35:12.190901+00:00,2026-08-09 09:21:28.839806+00:00,ambiente,raspberry_pi_4,camera,34.8,34.2,36.0
366,_result,0,2026-08-09 06:35:12.190901+00:00,2026-08-09 09:35:12.190901+00:00,2026-08-09 09:21:34.101860+00:00,ambiente,raspberry_pi_4,camera,34.8,34.2,36.0
367,_result,0,2026-08-09 06:35:12.190901+00:00,2026-08-09 09:35:12.190901+00:00,2026-08-09 09:21:39.371639+00:00,ambiente,raspberry_pi_4,camera,34.8,34.2,36.0
368,_result,0,2026-08-09 06:35:12.190901+00:00,2026-08-09 09:35:12.190901+00:00,2026-08-09 09:21:44.632495+00:00,ambiente,raspberry_pi_4,camera,34.8,34.2,36.0
369,_result,0,2026-08-09 06:35:12.190901+00:00,2026-08-09 09:35:12.190901+00:00,2026-08-09 09:21:49.902439+00:00,ambiente,raspberry_pi_4,camera,34.8,34.2,36.0
370,_result,0,2026-08-09 06:35:12.190901+00:00,2026-08-09 09:35:12.190901+00:00,2026-08-09 09:21:55.162823+00:00,ambiente,raspberry_pi_4,camera,34.8,34.2,36.0
371,_result,0,2026-08-09 06:35:12.190901+00:00,2026-08-09 09:35:12.190901+00:00,2026-08-09 09:22:00.434537+00:00,ambiente,raspberry_pi_4,camera,34.8,34.2,36.0
372,_result,0,2026-08-09 06:35:12.190901+00:00,2026-08-09 09:35:12.190901+00:00,2026-08-09 09:22:10.958296+00:00,ambiente,raspberry_pi_4,camera,34.8,34.2,36.0
373,_result,0,2026-08-09 06:35:12.190901+00:00,2026-08-09 09:35:12.190901+00:00,2026-08-09 09:22:16.218348+00:00,ambiente,raspberry_pi_4,camera,34.8,34.2,36.0
374,_result,0,2026-08-09 06:35:12.190901+00:00,2026-08-09 09:35:12.190901+00:00,2026-08-09 09:22:21.489104+00:00,ambiente,raspberry_pi_4,camera,34.8,34.2,36.0
375,_result,0,2026-08-09 06:35:12.190901+00:00,2026-08-09 09:35:12.190901+00:00,2026-08-09 09:22:26.749218+00:00,ambiente,raspberry_pi_4,camera,34.8,34.2,36.0
376,_result,0,2026-08-09 06:35:12.190901+00:00,2026-08-09 09:35:12.190901+00:00,2026-08-09 09:22:32.020627+00:00,ambiente,raspberry_pi_4,camera,34.8,34.2,36.0
377,_result,0,2026-08-09 06:35:12.190901+00:00,2026-08-09 09:35:12.190901+00:00,2026-08-09 09:22:37.287946+00:00,ambiente,raspberry_pi_4,camera,34.8,34.2,36.0
378,_result,0,2026-08-09 06:35:12.190901+00:00,2026-08-09 09:35:12.190901+00:00,2026-08-09 09:22:42.557756+00:00,ambiente,raspberry_pi_4,camera,34.8,34.2,36.0
379,_result,0,2026-08-09 06:35:12.190901+00:00,2026-08-09 09:35:12.190901+00:00,2026-08-09 09:22:47.817716+00:00,ambiente,raspberry_pi_4,camera,34.8,34.2,36.0
380,_result,0,2026-08-09 06:35:12.190901+00:00,2026-08-09 09:35:12.190901+00:00,2026-08-09 09:22:53.087295+00:00,ambiente,raspberry_pi_4,camera,34.8,34.2,36.0
381,_result,0,2026-08-09 06:35:12.190901+00:00,2026-08-09 09:35:12.190901+00:00,2026-08-09 09:22:58.347636+00:00,ambiente,raspberry_pi_4,camera,34.8,34.2,36.0
382,_result,0,2026-08-09 06:35:12.190901+00:00,2026-08-09 09:35:12.190901+00:00,2026-08-09 09:23:03.618869+00:00,ambiente,raspberry_pi_4,camera,34.8,34.2,36.0
383,_result,0,2026-08-09 06:35:12.190901+00:00,2026-08-09 09:35:12.190901+00:00,2026-08-09 09:23:08.878740+00:00,ambiente,raspberry_pi_4,camera,34.8,34.2,36.0
384,_result,0,2026-08-09 06:35:12.190901+00:00,2026-08-09 09:35:12.190901+00:00,2026-08-09 09:23:14.148083+00:00,ambiente,raspberry_pi_4,camera,34.8,34.2,36.0
385,_result,0,2026-08-09 06:35:12.190901+00:00,2026-08-09 09:35:12.190901+00:00,2026-08-09 09:23:19.408482+00:00,ambiente,raspberry_pi_4,camera,34.8,34.2,36.0
386,_result,0,2026-08-09 06:35:12.190901+00:00,2026-08-09 09:35:12.190901+00:00,2026-08-09 09:23:24.730213+00:00,ambiente,raspberry_pi_4,camera,34.8,34.2,36.0
387,_result,0,2026-08-09 06:35:12.190901+00:00,2026-08-09 09:35:12.190901+00:00,2026-08-09 09:23:29.992133+00:00,ambiente,raspberry_pi_4,camera,34.8,34.2,36.0
388,_result,0,2026-08-09 06:35:12.190901+00:00,2026-08-09 09:35:12.190901+00:00,2026-08-09 09:23:35.261473+00:00,ambiente,raspberry_pi_4,camera,34.8,34.2,36.0
389,_result,0,2026-08-09 06:35:12.190901+00:00,2026-08-09 09:35:12.190901+00:00,2026-08-09 09:23:40.521566+00:00,ambiente,raspberry_pi_4,camera,34.8,34.2,36.0
390,_result,0,2026-08-09 06:35:12.190901+00:00,2026-08-09 09:35:12.190901+00:00,2026-08-09 09:23:45.791949+00:00,ambiente,raspberry_pi_4,camera,34.8,34.2,36.0
391,_result,0,2026-08-09 06:35:12.190901+00:00,2026-08-09 09:35:12.190901+00:00,2026-08-09 09:23:51.052186+00:00,ambiente,raspberry_pi_4,camera,34.8,34.2,36.0
392,_result,0,2026-08-09 06:35:12.190901+00:00,2026-08-09 09:35:12.190901+00:00,2026-08-09 09:23:56.321750+00:00,ambiente,raspberry_pi_4,camera,34.8,34.2,36.0
393,_result,0,2026-08-09 06:35:12.190901+00:00,2026-08-09 09:35:12.190901+00:00,2026-08-09 09:24:01.583214+00:00,ambiente,raspberry_pi_4,camera,34.8,34.2,36.0
394,_result,0,2026-08-09 06:35:12.190901+00:00,2026-08-09 09:35:12.190901+00:00,2026-08-09 09:24:06.853557+00:00,ambiente,raspberry_pi_4,camera,34.8,34.2,36.0
395,_result,0,2026-08-09 06:35:12.190901+00:00,2026-08-09 09:35:12.190901+00:00,2026-08-09 09:24:17.377775+00:00,ambiente,raspberry_pi_4,camera,34.8,34.2,36.0
396,_result,0,2026-08-09 06:35:12.190901+00:00,2026-08-09 09:35:12.190901+00:00,2026-08-09 09:24:22.638091+00:00,ambiente,raspberry_pi_4,camera,34.8,34.2,36.0
397,_result,0,2026-08-09 06:35:12.190901+00:00,2026-08-09 09:35:12.190901+00:00,2026-08-09 09:24:27.907470+00:00,ambiente,raspberry_pi_4,camera,34.8,34.2,36.0
398,_result,0,2026-08-09 06:35:12.190901+00:00,2026-08-09 09:35:12.190901+00:00,2026-08-09 09:24:33.169055+00:00,ambiente,raspberry_pi_4,camera,34.8,34.2,36.0
399,_result,0,2026-08-09 06:35:12.190901+00:00,2026-08-09 09:35:12.190901+00:00,2026-08-09 09:24:38.438340+00:00,ambiente,raspberry_pi_4,camera,34.8,34.2,36.0
400,_result,0,2026-08-09 06:35:12.190901+00:00,2026-08-09 09:35:12.190901+00:00,2026-08-09 09:24:43.698557+00:00,ambiente,raspberry_pi_4,camera,34.8,34.2,36.0
401,_result,0,2026-08-09 06:35:12.190901+00:00,2026-08-09 09:35:12.190901+00:00,2026-08-09 09:24:48.968463+00:00,ambiente,raspberry_pi_4,camera,34.8,34.2,36.0
402,_result,0,2026-08-09 06:35:12.190901+00:00,2026-08-09 09:35:12.190901+00:00,2026-08-09 09:24:54.228688+00:00,ambiente,raspberry_pi_4,camera,34.8,34.2,36.0
403,_result,0,2026-08-09 06:35:12.190901+00:00,2026-08-09 09:35:12.190901+00:00,2026-08-09 09:24:59.499690+00:00,ambiente,raspberry_pi_4,camera,34.8,34.2,36.0
404,_result,0,2026-08-09 06:35:12.190901+00:00,2026-08-09 09:35:12.190901+00:00,2026-08-09 09:25:04.759691+00:00,ambiente,raspberry_pi_4,camera,34.8,34.2,36.0
405,_result,0,2026-08-09 06:35:12.190901+00:00,2026-08-09 09:35:12.190901+00:00,2026-08-09 09:25:10.029433+00:00,ambiente,raspberry_pi_4,camera,34.8,34.2,36.0
406,_result,0,2026-08-09 06:35:12.190901+00:00,2026-08-09 09:35:12.190901+00:00,2026-08-09 09:25:15.289441+00:00,ambiente,raspberry_pi_4,camera,34.8,34.2,36.0
407,_result,0,2026-08-09 06:35:12.190901+00:00,2026-08-09 09:35:12.190901+00:00,2026-08-09 09:25:20.558767+00:00,ambiente,raspberry_pi_4,camera,34.8,34.2,36.0
408,_result,0,2026-08-09 06:35:12.190901+00:00,2026-08-09 09:35:12.190901+00:00,2026-08-09 09:25:25.818950+00:00,ambiente,raspberry_pi_4,camera,34.8,34.2,36.0
409,_result,0,2026-08-09 06:35:12.190901+00:00,2026-08-09 09:35:12.190901+00:00,2026-08-09 09:25:31.090127+00:00,ambiente,raspberry_pi_4,camera,34.8,34.2,36.0
410,_result,0,2026-08-09 06:35:12.190901+00:00,2026-08-09 09:35:12.190901+00:00,2026-08-09 09:25:36.350307+00:00,ambiente,raspberry_pi_4,camera,34.8,34.2,36.0
411,_result,0,2026-08-09 06:35:12.190901+00:00,2026-08-09 09:35:12.190901+00:00,2026-08-09 09:25:41.619542+00:00,ambiente,raspberry_pi_4,camera,34.8,34.2,36.0
412,_result,0,2026-08-09 06:35:12.190901+00:00,2026-08-09 09:35:12.190901+00:00,2026-08-09 09:25:46.879822+00:00,ambiente,raspberry_pi_4,camera,35.0,34.2,37.0
413,_result,0,2026-08-09 06:35:12.190901+00:00,2026-08-09 09:35:12.190901+00:00,2026-08-09 09:25:52.150170+00:00,ambiente,raspberry_pi_4,camera,35.0,34.2,37.0
414,_result,0,2026-08-09 06:35:12.190901+00:00,2026-08-09 09:35:12.190901+00:00,2026-08-09 09:25:57.409921+00:00,ambiente,raspberry_pi_4,camera,34.8,34.2,36.0
415,_result,0,2026-08-09 06:35:12.190901+00:00,2026-08-09 09:35:12.190901+00:00,2026-08-09 09:26:07.934780+00:00,ambiente,raspberry_pi_4,camera,34.8,34.2,36.0
416,_result,0,2026-08-09 06:35:12.190901+00:00,2026-08-09 09:35:12.190901+00:00,2026-08-09 09:26:13.205242+00:00,ambiente,raspberry_pi_4,camera,34.8,34.2,36.0
417,_result,0,2026-08-09 06:35:12.190901+00:00,2026-08-09 09:35:12.190901+00:00,2026-08-09 09:26:18.465243+00:00,ambiente,raspberry_pi_4,camera,35.0,34.2,37.0
418,_result,0,2026-08-09 06:35:12.190901+00:00,2026-08-09 09:35:12.190901+00:00,2026-08-09 09:26:23.735148+00:00,ambiente,raspberry_pi_4,camera,34.8,34.2,36.0
419,_result,0,2026-08-09 06:35:12.190901+00:00,2026-08-09 09:35:12.190901+00:00,2026-08-09 09:26:28.995078+00:00,ambiente,raspberry_pi_4,camera,34.8,34.2,36.0
420,_result,0,2026-08-09 06:35:12.190901+00:00,2026-08-09 09:35:12.190901+00:00,2026-08-09 09:26:34.265972+00:00,ambiente,raspberry_pi_4,camera,35.0,34.2,37.0
421,_result,0,2026-08-09 06:35:12.190901+00:00,2026-08-09 09:35:12.190901+00:00,2026-08-09 09:26:39.526054+00:00,ambiente,raspberry_pi_4,camera,35.0,34.2,37.0
422,_result,0,2026-08-09 06:35:12.190901+00:00,2026-08-09 09:35:12.190901+00:00,2026-08-09 09:26:44.795984+00:00,ambiente,raspberry_pi_4,camera,35.3,34.2,38.0
423,_result,0,2026-08-09 06:35:12.190901+00:00,2026-08-09 09:35:12.190901+00:00,2026-08-09 09:26:50.055957+00:00,ambiente,raspberry_pi_4,camera,35.0,34.2,37.0
424,_result,0,2026-08-09 06:35:12.190901+00:00,2026-08-09 09:35:12.190901+00:00,2026-08-09 09:26:55.325773+00:00,ambiente,raspberry_pi_4,camera,35.0,34.2,37.0
425,_result,0,2026-08-09 06:35:12.190901+00:00,2026-08-09 09:35:12.190901+00:00,2026-08-09 09:27:00.587348+00:00,ambiente,raspberry_pi_4,camera,35.0,34.2,37.0
426,_result,0,2026-08-09 06:35:12.190901+00:00,2026-08-09 09:35:12.190901+00:00,2026-08-09 09:27:05.857490+00:00,ambiente,raspberry_pi_4,camera,35.0,34.2,37.0
427,_result,0,2026-08-09 06:35:12.190901+00:00,2026-08-09 09:35:12.190901+00:00,2026-08-09 09:27:11.117569+00:00,ambiente,raspberry_pi_4,camera,35.0,34.2,37.0
428,_result,0,2026-08-09 06:35:12.190901+00:00,2026-08-09 09:35:12.190901+00:00,2026-08-09 09:27:16.387159+00:00,ambiente,raspberry_pi_4,camera,35.0,34.2,37.0
429,_result,0,2026-08-09 06:35:12.190901+00:00,2026-08-09 09:35:12.190901+00:00,2026-08-09 09:27:21.647417+00:00,ambiente,raspberry_pi_4,camera,35.0,34.2,37.0
430,_result,0,2026-08-09 06:35:12.190901+00:00,2026-08-09 09:35:12.190901+00:00,2026-08-09 09:27:26.917112+00:00,ambiente,raspberry_pi_4,camera,35.0,34.2,37.0
431,_result,0,2026-08-09 06:35:12.190901+00:00,2026-08-09 09:35:12.190901+00:00,2026-08-09 09:27:32.178874+00:00,ambiente,raspberry_pi_4,camera,34.8,34.2,36.0
432,_result,0,2026-08-09 06:35:12.190901+00:00,2026-08-09 09:35:12.190901+00:00,2026-08-09 09:27:37.448455+00:00,ambiente,raspberry_pi_4,camera,34.8,34.2,36.0
433,_result,0,2026-08-09 06:35:12.190901+00:00,2026-08-09 09:35:12.190901+00:00,2026-08-09 09:27:42.708547+00:00,ambiente,raspberry_pi_4,camera,34.8,34.2,36.0
434,_result,0,2026-08-09 06:35:12.190901+00:00,2026-08-09 09:35:12.190901+00:00,2026-08-09 09:27:47.978197+00:00,ambiente,raspberry_pi_4,camera,34.8,34.2,36.0
435,_result,0,2026-08-09 06:35:12.190901+00:00,2026-08-09 09:35:12.190901+00:00,2026-08-09 09:27:53.238201+00:00,ambiente,raspberry_pi_4,camera,34.8,34.2,36.0
436,_result,0,2026-08-09 06:35:12.190901+00:00,2026-08-09 09:35:12.190901+00:00,2026-08-09 09:27:58.508654+00:00,ambiente,raspberry_pi_4,camera,34.8,34.2,36.0
437,_result,0,2026-08-09 06:35:12.190901+00:00,2026-08-09 09:35:12.190901+00:00,2026-08-09 09:28:03.770362+00:00,ambiente,raspberry_pi_4,camera,35.0,34.2,37.0
438,_result,0,2026-08-09 06:35:12.190901+00:00,2026-08-09 09:35:12.190901+00:00,2026-08-09 09:28:09.040355+00:00,ambiente,raspberry_pi_4,camera,35.0,34.2,37.0
439,_result,0,2026-08-09 06:35:12.190901+00:00,2026-08-09 09:35:12.190901+00:00,2026-08-09 09:28:14.300392+00:00,ambiente,raspberry_pi_4,camera,35.0,34.2,37.0
440,_result,0,2026-08-09 06:35:12.190901+00:00,2026-08-09 09:35:12.190901+00:00,2026-08-09 09:28:19.569985+00:00,ambiente,raspberry_pi_4,camera,35.0,34.2,37.0
441,_result,0,2026-08-09 06:35:12.190901+00:00,2026-08-09 09:35:12.190901+00:00,2026-08-09 09:28:24.830274+00:00,ambiente,raspberry_pi_4,camera,35.0,34.2,37.0
442,_result,0,2026-08-09 06:35:12.190901+00:00,2026-08-09 09:35:12.190901+00:00,2026-08-09 09:28:30.101576+00:00,ambiente,raspberry_pi_4,camera,35.0,34.2,37.0
443,_result,0,2026-08-09 06:35:12.190901+00:00,2026-08-09 09:35:12.190901+00:00,2026-08-09 09:28:35.361570+00:00,ambiente,raspberry_pi_4,camera,34.8,34.2,36.0
444,_result,0,2026-08-09 06:35:12.190901+00:00,2026-08-09 09:35:12.190901+00:00,2026-08-09 09:28:40.630881+00:00,ambiente,raspberry_pi_4,camera,35.0,34.2,37.0
445,_result,0,2026-08-09 06:35:12.190901+00:00,2026-08-09 09:35:12.190901+00:00,2026-08-09 09:28:45.891128+00:00,ambiente,raspberry_pi_4,camera,34.8,34.2,36.0
446,_result,0,2026-08-09 06:35:12.190901+00:00,2026-08-09 09:35:12.190901+00:00,2026-08-09 09:28:51.160624+00:00,ambiente,raspberry_pi_4,camera,35.0,34.2,37.0
447,_result,0,2026-08-09 06:35:12.190901+00:00,2026-08-09 09:35:12.190901+00:00,2026-08-09 09:28:56.420726+00:00,ambiente,raspberry_pi_4,camera,35.0,34.2,37.0
448,_result,0,2026-08-09 06:35:12.190901+00:00,2026-08-09 09:35:12.190901+00:00,2026-08-09 09:29:01.691515+00:00,ambiente,raspberry_pi_4,camera,34.8,34.2,36.0
449,_result,0,2026-08-09 06:35:12.190901+00:00,2026-08-09 09:35:12.190901+00:00,2026-08-09 09:29:06.951753+00:00,ambiente,raspberry_pi_4,camera,34.8,34.2,36.0
450,_result,0,2026-08-09 06:35:12.190901+00:00,2026-08-09 09:35:12.190901+00:00,2026-08-09 09:29:12.221532+00:00,ambiente,raspberry_pi_4,camera,34.8,34.2,36.0
451,_result,0,2026-08-09 06:35:12.190901+00:00,2026-08-09 09:35:12.190901+00:00,2026-08-09 09:29:17.481773+00:00,ambiente,raspberry_pi_4,camera,35.0,34.2,37.0
452,_result,0,2026-08-09 06:35:12.190901+00:00,2026-08-09 09:35:12.190901+00:00,2026-08-09 09:29:22.751417+00:00,ambiente,raspberry_pi_4,camera,34.8,34.2,36.0
453,_result,0,2026-08-09 06:35:12.190901+00:00,2026-08-09 09:35:12.190901+00:00,2026-08-09 09:29:28.011905+00:00,ambiente,raspberry_pi_4,camera,34.8,34.2,36.0
454,_result,0,2026-08-09 06:35:12.190901+00:00,2026-08-09 09:35:12.190901+00:00,2026-08-09 09:29:33.283346+00:00,ambiente,raspberry_pi_4,camera,34.8,34.2,36.0
455,_result,0,2026-08-09 06:35:12.190901+00:00,2026-08-09 09:35:12.190901+00:00,2026-08-09 09:29:38.543546+00:00,ambiente,raspberry_pi_4,camera,34.8,34.2,36.0
456,_result,0,2026-08-09 06:35:12.190901+00:00,2026-08-09 09:35:12.190901+00:00,2026-08-09 09:29:43.813271+00:00,ambiente,raspberry_pi_4,camera,34.8,34.2,36.0
457,_result,0,2026-08-09 06:35:12.190901+00:00,2026-08-09 09:35:12.190901+00:00,2026-08-09 09:29:49.073621+00:00,ambiente,raspberry_pi_4,camera,34.8,34.2,36.0
458,_result,0,2026-08-09 06:35:12.190901+00:00,2026-08-09 09:35:12.190901+00:00,2026-08-09 09:29:54.343880+00:00,ambiente,raspberry_pi_4,camera,34.8,34.2,36.0
459,_result,0,2026-08-09 06:35:12.190901+00:00,2026-08-09 09:35:12.190901+00:00,2026-08-09 09:29:59.604418+00:00,ambiente,raspberry_pi_4,camera,34.8,34.2,36.0
460,_result,0,2026-08-09 06:35:12.190901+00:00,2026-08-09 09:35:12.190901+00:00,2026-08-09 09:30:04.876780+00:00,ambiente,raspberry_pi_4,camera,34.8,34.2,36.0
461,_result,0,2026-08-09 06:35:12.190901+00:00,2026-08-09 09:35:12.190901+00:00,2026-08-09 09:30:10.136736+00:00,ambiente,raspberry_pi_4,camera,34.8,34.2,36.0
462,_result,0,2026-08-09 06:35:12.190901+00:00,2026-08-09 09:35:12.190901+00:00,2026-08-09 09:30:15.406555+00:00,ambiente,raspberry_pi_4,camera,34.8,34.2,36.0
463,_result,0,2026-08-09 06:35:12.190901+00:00,2026-08-09 09:35:12.190901+00:00,2026-08-09 09:30:20.666542+00:00,ambiente,raspberry_pi_4,camera,35.0,34.2,37.0
464,_result,0,2026-08-09 06:35:12.190901+00:00,2026-08-09 09:35:12.190901+00:00,2026-08-09 09:30:25.936017+00:00,ambiente,raspberry_pi_4,camera,34.8,34.2,36.0
465,_result,0,2026-08-09 06:35:12.190901+00:00,2026-08-09 09:35:12.190901+00:00,2026-08-09 09:30:31.197424+00:00,ambiente,raspberry_pi_4,camera,34.8,34.2,36.0
466,_result,0,2026-08-09 06:35:12.190901+00:00,2026-08-09 09:35:12.190901+00:00,2026-08-09 09:30:36.467425+00:00,ambiente,raspberry_pi_4,camera,34.8,34.2,36.0
467,_result,0,2026-08-09 06:35:12.190901+00:00,2026-08-09 09:35:12.190901+00:00,2026-08-09 09:30:41.727346+00:00,ambiente,raspberry_pi_4,camera,34.8,34.2,36.0
468,_result,0,2026-08-09 06:35:12.190901+00:00,2026-08-09 09:35:12.190901+00:00,2026-08-09 09:30:46.996588+00:00,ambiente,raspberry_pi_4,camera,34.8,34.2,36.0
469,_result,0,2026-08-09 06:35:12.190901+00:00,2026-08-09 09:35:12.190901+00:00,2026-08-09 09:30:52.256889+00:00,ambiente,raspberry_pi_4,camera,34.8,34.2,36.0
470,_result,0,2026-08-09 06:35:12.190901+00:00,2026-08-09 09:35:12.190901+00:00,2026-08-09 09:30:57.535230+00:00,ambiente,raspberry_pi_4,camera,35.0,34.2,37.0
471,_result,0,2026-08-09 06:35:12.190901+00:00,2026-08-09 09:35:12.190901+00:00,2026-08-09 09:31:02.796720+00:00,ambiente,raspberry_pi_4,camera,35.0,34.2,37.0
472,_result,0,2026-08-09 06:35:12.190901+00:00,2026-08-09 09:35:12.190901+00:00,2026-08-09 09:31:08.066476+00:00,ambiente,raspberry_pi_4,camera,35.0,34.2,37.0
473,_result,0,2026-08-09 06:35:12.190901+00:00,2026-08-09 09:35:12.190901+00:00,2026-08-09 09:31:13.327427+00:00,ambiente,raspberry_pi_4,camera,34.8,34.2,36.0
474,_result,0,2026-08-09 06:35:12.190901+00:00,2026-08-09 09:35:12.190901+00:00,2026-08-09 09:31:18.596967+00:00,ambiente,raspberry_pi_4,camera,34.8,34.2,36.0
475,_result,0,2026-08-09 06:35:12.190901+00:00,2026-08-09 09:35:12.190901+00:00,2026-08-09 09:31:23.857227+00:00,ambiente,raspberry_pi_4,camera,34.8,34.2,36.0
476,_result,0,2026-08-09 06:35:12.190901+00:00,2026-08-09 09:35:12.190901+00:00,2026-08-09 09:31:29.129122+00:00,ambiente,raspberry_pi_4,camera,34.8,34.2,36.0
477,_result,0,2026-08-09 06:35:12.190901+00:00,2026-08-09 09:35:12.190901+00:00,2026-08-09 09:31:34.389291+00:00,ambiente,raspberry_pi_4,camera,34.8,34.2,36.0
478,_result,0,2026-08-09 06:35:12.190901+00:00,2026-08-09 09:35:12.190901+00:00,2026-08-09 09:31:39.659919+00:00,ambiente,raspberry_pi_4,camera,34.8,34.2,36.0
479,_result,0,2026-08-09 06:35:12.190901+00:00,2026-08-09 09:35:12.190901+00:00,2026-08-09 09:31:44.920097+00:00,ambiente,raspberry_pi_4,camera,34.8,34.2,36.0
480,_result,0,2026-08-09 06:35:12.190901+00:00,2026-08-09 09:35:12.190901+00:00,2026-08-09 09:31:50.189796+00:00,ambiente,raspberry_pi_4,camera,34.8,34.2,36.0
481,_result,0,2026-08-09 06:35:12.190901+00:00,2026-08-09 09:35:12.190901+00:00,2026-08-09 09:31:55.449804+00:00,ambiente,raspberry_pi_4,camera,34.8,34.2,36.0
482,_result,0,2026-08-09 06:35:12.190901+00:00,2026-08-09 09:35:12.190901+00:00,2026-08-09 09:32:00.721122+00:00,ambiente,raspberry_pi_4,camera,34.8,34.2,36.0
483,_result,0,2026-08-09 06:35:12.190901+00:00,2026-08-09 09:35:12.190901+00:00,2026-08-09 09:32:05.981167+00:00,ambiente,raspberry_pi_4,camera,34.8,34.2,36.0
484,_result,0,2026-08-09 06:35:12.190901+00:00,2026-08-09 09:35:12.190901+00:00,2026-08-09 09:32:11.251085+00:00,ambiente,raspberry_pi_4,camera,34.8,34.2,36.0
485,_result,0,2026-08-09 06:35:12.190901+00:00,2026-08-09 09:35:12.190901+00:00,2026-08-09 09:32:16.511132+00:00,ambiente,raspberry_pi_4,camera,34.8,34.2,36.0
486,_result,0,2026-08-09 06:35:12.190901+00:00,2026-08-09 09:35:12.190901+00:00,2026-08-09 09:32:21.780769+00:00,ambiente,raspberry_pi_4,camera,34.8,34.2,36.0
487,_result,0,2026-08-09 06:35:12.190901+00:00,2026-08-09 09:35:12.190901+00:00,2026-08-09 09:32:27.041191+00:00,ambiente,raspberry_pi_4,camera,34.8,34.2,36.0
488,_result,0,2026-08-09 06:35:12.190901+00:00,2026-08-09 09:35:12.190901+00:00,2026-08-09 09:32:32.312239+00:00,ambiente,raspberry_pi_4,camera,34.8,34.2,36.0
489,_result,0,2026-08-09 06:35:12.190901+00:00,2026-08-09 09:35:12.190901+00:00,2026-08-09 09:32:37.572248+00:00,ambiente,raspberry_pi_4,camera,34.8,34.2,36.0
490,_result,0,2026-08-09 06:35:12.190901+00:00,2026-08-09 09:35:12.190901+00:00,2026-08-09 09:32:42.841437+00:00,ambiente,raspberry_pi_4,camera,34.8,34.2,36.0
491,_result,0,2026-08-09 06:35:12.190901+00:00,2026-08-09 09:35:12.190901+00:00,2026-08-09 09:32:48.103492+00:00,ambiente,raspberry_pi_4,camera,34.8,34.2,36.0
492,_result,0,2026-08-09 06:35:12.190901+00:00,2026-08-09 09:35:12.190901+00:00,2026-08-09 09:32:53.372985+00:00,ambiente,raspberry_pi_4,camera,34.8,34.2,36.0
493,_result,0,2026-08-09 06:35:12.190901+00:00,2026-08-09 09:35:12.190901+00:00,2026-08-09 09:32:58.632924+00:00,ambiente,raspberry_pi_4,camera,34.8,34.2,36.0
494,_result,0,2026-08-09 06:35:12.190901+00:00,2026-08-09 09:35:12.190901+00:00,2026-08-09 09:33:03.904700+00:00,ambiente,raspberry_pi_4,camera,34.6,34.2,35.0
495,_result,0,2026-08-09 06:35:12.190901+00:00,2026-08-09 09:35:12.190901+00:00,2026-08-09 09:33:09.164745+00:00,ambiente,raspberry_pi_4,camera,34.8,34.2,36.0
496,_result,0,2026-08-09 06:35:12.190901+00:00,2026-08-09 09:35:12.190901+00:00,2026-08-09 09:33:14.434064+00:00,ambiente,raspberry_pi_4,camera,34.6,34.2,35.0
497,_result,0,2026-08-09 06:35:12.190901+00:00,2026-08-09 09:35:12.190901+00:00,2026-08-09 09:33:19.694450+00:00,ambiente,raspberry_pi_4,camera,34.8,34.2,36.0
498,_result,0,2026-08-09 06:35:12.190901+00:00,2026-08-09 09:35:12.190901+00:00,2026-08-09 09:33:24.965405+00:00,ambiente,raspberry_pi_4,camera,34.8,34.2,36.0
499,_result,0,2026-08-09 06:35:12.190901+00:00,2026-08-09 09:35:12.190901+00:00,2026-08-09 09:33:30.228060+00:00,ambiente,raspberry_pi_4,camera,34.8,34.2,36.0
500,_result,0,2026-08-09 06:35:12.190901+00:00,2026-08-09 09:35:12.190901+00:00,2026-08-09 09:33:35.497935+00:00,ambiente,raspberry_pi_4,camera,34.8,34.2,36.0
501,_result,0,2026-08-09 06:35:12.190901+00:00,2026-08-09 09:35:12.190901+00:00,2026-08-09 09:33:40.758195+00:00,ambiente,raspberry_pi_4,camera,34.8,34.2,36.0
502,_result,0,2026-08-09 06:35:12.190901+00:00,2026-08-09 09:35:12.190901+00:00,2026-08-09 09:33:46.027655+00:00,ambiente,raspberry_pi_4,camera,34.8,34.2,36.0
503,_result,0,2026-08-09 06:35:12.190901+00:00,2026-08-09 09:35:12.190901+00:00,2026-08-09 09:33:51.287911+00:00,ambiente,raspberry_pi_4,camera,34.8,34.2,36.0
504,_result,0,2026-08-09 06:35:12.190901+00:00,2026-08-09 09:35:12.190901+00:00,2026-08-09 09:33:56.557756+00:00,ambiente,raspberry_pi_4,camera,34.8,34.2,36.0
505,_result,0,2026-08-09 06:35:12.190901+00:00,2026-08-09 09:35:12.190901+00:00,2026-08-09 09:34:01.819468+00:00,ambiente,raspberry_pi_4,camera,34.8,34.2,36.0
506,_result,0,2026-08-09 06:35:12.190901+00:00,2026-08-09 09:35:12.190901+00:00,2026-08-09 09:34:07.088911+00:00,ambiente,raspberry_pi_4,camera,34.8,34.2,36.0
507,_result,0,2026-08-09 06:35:12.190901+00:00,2026-08-09 09:35:12.190901+00:00,2026-08-09 09:34:12.349034+00:00,ambiente,raspberry_pi_4,camera,34.8,34.2,36.0
508,_result,0,2026-08-09 06:35:12.190901+00:00,2026-08-09 09:35:12.190901+00:00,2026-08-09 09:34:17.618748+00:00,ambiente,raspberry_pi_4,camera,34.8,34.2,36.0
509,_result,0,2026-08-09 06:35:12.190901+00:00,2026-08-09 09:35:12.190901+00:00,2026-08-09 09:34:22.878852+00:00,ambiente,raspberry_pi_4,camera,34.8,34.2,36.0
510,_result,0,2026-08-09 06:35:12.190901+00:00,2026-08-09 09:35:12.190901+00:00,2026-08-09 09:34:28.148841+00:00,ambiente,raspberry_pi_4,camera,34.8,34.2,36.0
511,_result,0,2026-08-09 06:35:12.190901+00:00,2026-08-09 09:35:12.190901+00:00,2026-08-09 09:34:33.410721+00:00,ambiente,raspberry_pi_4,camera,34.6,34.2,35.0
512,_result,0,2026-08-09 06:35:12.190901+00:00,2026-08-09 09:35:12.190901+00:00,2026-08-09 09:34:38.680188+00:00,ambiente,raspberry_pi_4,camera,34.8,34.2,36.0
513,_result,0,2026-08-09 06:35:12.190901+00:00,2026-08-09 09:35:12.190901+00:00,2026-08-09 09:34:43.940342+00:00,ambiente,raspberry_pi_4,camera,34.6,34.2,35.0
514,_result,0,2026-08-09 06:35:12.190901+00:00,2026-08-09 09:35:12.190901+00:00,2026-08-09 09:34:49.209956+00:00,ambiente,raspberry_pi_4,camera,34.6,34.2,35.0
515,_result,0,2026-08-09 06:35:12.190901+00:00,2026-08-09 09:35:12.190901+00:00,2026-08-09 09:34:54.470097+00:00,ambiente,raspberry_pi_4,camera,34.6,34.2,35.0
516,_result,0,2026-08-09 06:35:12.190901+00:00,2026-08-09 09:35:12.190901+00:00,2026-08-09 09:34:59.741059+00:00,ambiente,raspberry_pi_4,camera,34.6,34.2,35.0
517,_result,0,2026-08-09 06:35:12.190901+00:00,2026-08-09 09:35:12.190901+00:00,2026-08-09 09:35:05.001349+00:00,ambiente,raspberry_pi_4,camera,34.6,34.2,35.0
518,_result,0,2026-08-09 06:35:12.190901+00:00,2026-08-09 09:35:12.190901+00:00,2026-08-09 09:35:10.271187+00:00,ambiente,raspberry_pi_4,camera,34.6,34.2,35.0
